timestamp,temperature_c,humidity_pct
2026-07-07 00:00:26,25.3,68.0
2026-07-07 00:00:56,25.3,68.0
2026-07-07 00:01:26,25.3,68.0
2026-07-07 00:01:56,25.3,68.0
2026-07-07 00:02:26,25.3,68.0
2026-07-07 00:02:56,25.3,68.0
2026-07-07 00:03:26,25.3,68.0
2026-07-07 00:03:56,25.3,68.0
2026-07-07 00:04:26,25.3,68.0
2026-07-07 00:04:56,25.3,68.0
2026-07-07 00:05:26,25.3,68.0
2026-07-07 00:05:56,25.3,68.0
2026-07-07 00:06:26,25.3,68.0
2026-07-07 00:06:56,25.3,68.0
2026-07-07 00:07:26,25.3,68.0
2026-07-07 00:07:56,25.3,68.0
2026-07-07 00:08:26,25.3,68.0
2026-07-07 00:08:56,25.3,68.0
2026-07-07 00:09:26,25.3,68.0
2026-07-07 00:09:56,25.3,68.0
2026-07-07 00:10:26,25.3,68.0
2026-07-07 00:10:56,25.3,68.0
2026-07-07 00:11:26,25.3,68.0
2026-07-07 00:11:56,25.3,68.0
2026-07-07 00:12:26,25.3,68.0
2026-07-07 00:12:56,25.3,68.0
2026-07-07 00:13:26,25.3,68.0
2026-07-07 00:13:56,25.3,68.0
2026-07-07 00:14:26,25.3,68.0
2026-07-07 00:14:56,25.3,68.0
2026-07-07 00:15:26,25.3,68.0
2026-07-07 00:15:56,25.3,68.0
2026-07-07 00:16:26,25.3,68.0
2026-07-07 00:16:56,25.3,68.0
2026-07-07 00:17:26,25.3,68.0
2026-07-07 00:17:56,25.3,68.0
2026-07-07 00:18:26,25.3,68.0
2026-07-07 00:18:56,25.3,68.0
2026-07-07 00:19:26,25.3,68.0
2026-07-07 00:19:56,25.3,68.0
2026-07-07 00:20:26,25.3,68.0
2026-07-07 00:20:56,25.3,68.0
2026-07-07 00:21:26,25.3,68.0
2026-07-07 00:21:56,25.3,68.0
2026-07-07 00:22:26,25.3,68.0
2026-07-07 00:22:56,25.3,68.0
2026-07-07 00:23:26,25.3,68.0
2026-07-07 00:23:56,25.3,68.0
2026-07-07 00:24:26,25.3,68.0
2026-07-07 00:24:56,25.3,68.0
2026-07-07 00:25:26,25.3,68.0
2026-07-07 00:25:56,25.3,68.0
2026-07-07 00:26:26,25.3,68.0
2026-07-07 00:26:56,25.3,68.0
2026-07-07 00:27:26,25.3,68.0
2026-07-07 00:27:56,25.3,68.0
2026-07-07 00:28:26,25.3,68.0
2026-07-07 00:28:56,25.3,68.0
2026-07-07 00:29:26,25.3,68.0
2026-07-07 00:29:56,25.3,68.0
2026-07-07 00:30:26,25.3,68.0
2026-07-07 00:30:56,25.3,68.0
2026-07-07 00:31:26,25.3,68.0
2026-07-07 00:31:56,25.3,68.0
2026-07-07 00:32:26,25.3,68.0
2026-07-07 00:32:56,25.3,68.0
2026-07-07 00:33:26,25.3,68.0
2026-07-07 00:33:56,25.3,68.0
2026-07-07 00:34:26,25.3,68.0
2026-07-07 00:34:56,25.3,68.0
2026-07-07 00:35:26,25.3,68.0
2026-07-07 00:35:56,25.3,68.0
2026-07-07 00:36:26,25.3,68.0
2026-07-07 00:36:56,25.3,68.0
2026-07-07 00:37:26,25.3,68.0
2026-07-07 00:37:56,25.3,68.0
2026-07-07 00:38:26,25.3,68.0
2026-07-07 00:38:56,25.3,68.0
2026-07-07 00:39:26,25.3,68.0
2026-07-07 00:39:56,25.3,68.0
2026-07-07 00:40:26,25.3,68.0
2026-07-07 00:40:56,25.3,68.0
2026-07-07 00:41:26,25.3,68.0
2026-07-07 00:41:56,25.3,68.0
2026-07-07 00:42:26,25.3,68.0
2026-07-07 00:42:56,25.3,68.0
2026-07-07 00:43:26,25.3,68.0
2026-07-07 00:43:56,25.3,68.0
2026-07-07 00:44:26,25.3,68.0
2026-07-07 00:44:56,25.3,68.0
2026-07-07 00:45:26,25.3,68.0
2026-07-07 00:45:56,25.3,68.0
2026-07-07 00:46:26,25.3,68.0
2026-07-07 00:46:56,25.3,68.0
2026-07-07 00:47:26,25.3,68.0
2026-07-07 00:47:56,25.3,68.0
2026-07-07 00:48:26,25.3,68.0
2026-07-07 00:48:56,25.3,68.0
2026-07-07 00:49:26,25.3,68.0
2026-07-07 00:49:56,25.3,68.0
2026-07-07 00:50:26,25.3,68.0
2026-07-07 00:50:56,25.3,68.0
2026-07-07 00:51:26,25.3,68.0
2026-07-07 00:51:56,25.3,68.0
2026-07-07 00:52:26,25.3,68.0
2026-07-07 00:52:56,25.3,68.0
2026-07-07 00:53:26,25.3,68.0
2026-07-07 00:53:56,25.3,68.0
2026-07-07 00:54:26,25.3,68.0
2026-07-07 00:54:56,25.3,68.0
2026-07-07 00:55:26,25.3,68.0
2026-07-07 00:55:56,25.3,68.0
2026-07-07 00:56:26,25.3,68.0
2026-07-07 00:56:56,25.3,68.0
2026-07-07 00:57:26,25.3,68.0
2026-07-07 00:57:56,25.3,68.0
2026-07-07 00:58:26,25.3,68.0
2026-07-07 00:58:56,25.3,68.0
2026-07-07 00:59:26,25.3,68.0
2026-07-07 00:59:56,25.3,68.0
2026-07-07 01:00:26,25.3,68.0
2026-07-07 01:00:56,25.3,68.0
2026-07-07 01:01:26,25.3,68.0
2026-07-07 01:01:56,25.3,68.0
2026-07-07 01:02:26,25.3,68.0
2026-07-07 01:02:56,25.3,68.0
2026-07-07 01:03:26,25.3,68.0
2026-07-07 01:03:56,25.3,68.0
2026-07-07 01:04:26,25.3,68.0
2026-07-07 01:04:56,25.3,68.0
2026-07-07 01:05:26,25.3,68.0
2026-07-07 01:05:56,25.3,68.0
2026-07-07 01:06:26,25.3,68.0
2026-07-07 01:06:56,25.3,68.0
2026-07-07 01:07:26,25.3,68.0
2026-07-07 01:07:56,25.3,68.0
2026-07-07 01:08:26,25.3,68.0
2026-07-07 01:08:56,25.3,68.0
2026-07-07 01:09:26,25.3,68.0
2026-07-07 01:09:56,25.3,68.0
2026-07-07 01:10:26,25.3,68.0
2026-07-07 01:10:56,25.3,68.0
2026-07-07 01:11:26,25.3,68.0
2026-07-07 01:11:56,25.3,68.0
2026-07-07 01:12:26,25.3,68.0
2026-07-07 01:12:56,25.3,68.0
2026-07-07 01:13:26,25.3,68.0
2026-07-07 01:13:56,25.3,68.0
2026-07-07 01:14:26,25.3,68.0
2026-07-07 01:14:56,25.3,68.0
2026-07-07 01:15:26,25.3,68.0
2026-07-07 01:15:56,25.3,68.0
2026-07-07 01:16:26,25.3,68.0
2026-07-07 01:16:56,25.3,68.0
2026-07-07 01:17:26,25.3,68.0
2026-07-07 01:17:56,25.3,68.0
2026-07-07 01:18:26,25.3,68.0
2026-07-07 01:18:56,25.3,68.0
2026-07-07 01:19:26,25.3,68.0
2026-07-07 01:19:56,25.3,68.0
2026-07-07 01:20:26,25.3,68.0
2026-07-07 01:20:56,25.3,68.0
2026-07-07 01:21:26,25.3,68.0
2026-07-07 01:21:56,25.3,68.0
2026-07-07 01:22:26,25.3,68.0
2026-07-07 01:22:56,25.3,68.0
2026-07-07 01:23:26,25.3,68.0
2026-07-07 01:23:56,25.3,68.0
2026-07-07 01:24:26,25.3,68.0
2026-07-07 01:24:56,25.3,68.0
2026-07-07 01:25:26,25.3,68.0
2026-07-07 01:25:56,25.3,68.0
2026-07-07 01:26:26,25.3,68.0
2026-07-07 01:26:56,25.3,68.0
2026-07-07 01:27:26,25.3,68.0
2026-07-07 01:27:56,25.3,68.0
2026-07-07 01:28:26,25.3,68.0
2026-07-07 01:28:56,25.3,68.0
2026-07-07 01:29:26,25.3,68.0
2026-07-07 01:29:56,25.3,68.0
2026-07-07 01:30:26,25.3,68.0
2026-07-07 01:30:56,25.3,68.0
2026-07-07 01:31:26,25.3,68.0
2026-07-07 01:31:56,25.3,68.0
2026-07-07 01:32:26,25.3,68.0
2026-07-07 01:32:56,25.3,68.0
2026-07-07 01:33:26,25.3,68.0
2026-07-07 01:33:56,25.3,68.0
2026-07-07 01:34:26,25.3,68.0
2026-07-07 01:34:56,25.3,68.0
2026-07-07 01:35:26,25.3,68.0
2026-07-07 01:35:56,25.3,68.0
2026-07-07 01:36:26,25.3,68.0
2026-07-07 01:36:56,25.3,68.0
2026-07-07 01:37:26,25.3,68.0
2026-07-07 01:37:56,25.3,68.0
2026-07-07 01:38:26,25.3,68.0
2026-07-07 01:38:56,25.3,68.0
2026-07-07 01:39:26,25.3,68.0
2026-07-07 01:39:56,25.3,68.0
2026-07-07 01:40:26,25.3,68.0
2026-07-07 01:40:56,25.3,68.0
2026-07-07 01:41:26,25.3,68.0
2026-07-07 01:41:56,25.3,68.0
2026-07-07 01:42:26,25.3,68.0
2026-07-07 01:42:56,25.3,68.0
2026-07-07 01:43:26,25.3,68.0
2026-07-07 01:43:56,25.3,68.0
2026-07-07 01:44:26,25.3,68.0
2026-07-07 01:44:56,25.3,68.0
2026-07-07 01:45:26,25.3,68.0
2026-07-07 01:45:56,25.3,68.0
2026-07-07 01:46:26,25.3,68.0
2026-07-07 01:46:56,25.3,68.0
2026-07-07 01:47:26,25.3,68.0
2026-07-07 01:47:56,25.3,68.0
2026-07-07 01:48:26,25.3,68.0
2026-07-07 01:48:56,25.3,68.0
2026-07-07 01:49:26,25.3,68.0
2026-07-07 01:49:56,25.3,68.0
2026-07-07 01:50:26,25.3,68.0
2026-07-07 01:50:56,25.3,68.0
2026-07-07 01:51:26,25.3,68.0
2026-07-07 01:51:56,25.3,68.0
2026-07-07 01:52:26,25.3,68.0
2026-07-07 01:52:56,25.3,68.0
2026-07-07 01:53:26,25.3,68.0
2026-07-07 01:53:56,25.3,68.0
2026-07-07 01:54:26,25.3,68.0
2026-07-07 01:54:56,25.3,68.0
2026-07-07 01:55:26,25.3,68.0
2026-07-07 01:55:56,25.3,68.0
2026-07-07 01:56:26,25.3,68.0
2026-07-07 01:56:56,25.3,68.0
2026-07-07 01:57:26,25.3,68.0
2026-07-07 01:57:56,25.3,68.0
2026-07-07 01:58:26,25.3,68.0
2026-07-07 01:58:56,25.3,68.0
2026-07-07 01:59:26,25.3,68.0
2026-07-07 01:59:56,25.3,68.0
2026-07-07 02:00:26,25.3,68.0
2026-07-07 02:00:56,25.3,68.0
2026-07-07 02:01:26,25.3,68.0
2026-07-07 02:01:56,25.3,68.0
2026-07-07 02:02:26,25.3,68.0
2026-07-07 02:02:56,25.3,68.0
2026-07-07 02:03:26,25.3,68.0
2026-07-07 02:03:56,25.3,68.0
2026-07-07 02:04:26,25.3,68.0
2026-07-07 02:04:56,25.3,68.0
2026-07-07 02:05:26,25.3,68.0
2026-07-07 02:05:56,25.3,68.0
2026-07-07 02:06:26,25.3,68.0
2026-07-07 02:06:56,25.3,68.0
2026-07-07 02:07:26,25.3,68.0
2026-07-07 02:07:56,25.3,68.0
2026-07-07 02:08:26,25.3,68.0
2026-07-07 02:08:56,25.3,68.0
2026-07-07 02:09:26,25.3,68.0
2026-07-07 02:09:56,25.3,68.0
2026-07-07 02:10:26,25.3,68.0
2026-07-07 02:10:56,25.3,68.0
2026-07-07 02:11:26,25.3,68.0
2026-07-07 02:11:56,25.3,68.0
2026-07-07 02:12:26,25.3,68.0
2026-07-07 02:12:56,25.3,68.0
2026-07-07 02:13:26,25.3,68.0
2026-07-07 02:13:56,25.3,68.0
2026-07-07 02:14:26,25.3,68.0
2026-07-07 02:14:56,25.3,68.0
2026-07-07 02:15:26,25.3,68.0
2026-07-07 02:15:56,25.3,68.0
2026-07-07 02:16:26,25.3,68.0
2026-07-07 02:16:56,25.3,68.0
2026-07-07 02:17:26,25.3,68.0
2026-07-07 02:17:56,25.3,68.0
2026-07-07 02:18:26,25.3,68.0
2026-07-07 02:18:56,25.3,68.0
2026-07-07 02:19:26,25.3,68.0
2026-07-07 02:19:56,25.3,68.0
2026-07-07 02:20:26,25.3,68.0
2026-07-07 02:20:56,25.3,68.0
2026-07-07 02:21:26,25.3,68.0
2026-07-07 02:21:56,25.3,68.0
2026-07-07 02:22:26,25.3,68.0
2026-07-07 02:22:56,25.3,68.0
2026-07-07 02:23:26,25.3,68.0
2026-07-07 02:23:56,25.3,68.0
2026-07-07 02:24:26,25.3,68.0
2026-07-07 02:24:56,25.3,68.0
2026-07-07 02:25:26,25.3,68.0
2026-07-07 02:25:56,25.3,68.0
2026-07-07 02:26:26,25.3,68.0
2026-07-07 02:26:56,25.3,68.0
2026-07-07 02:27:26,25.3,68.0
2026-07-07 02:27:56,25.3,68.0
2026-07-07 02:28:26,25.3,68.0
2026-07-07 02:28:56,25.3,68.0
2026-07-07 02:29:26,25.3,68.0
2026-07-07 02:29:56,25.3,68.0
2026-07-07 02:30:26,25.3,68.0
2026-07-07 02:30:56,25.3,68.0
2026-07-07 02:31:26,25.3,68.0
2026-07-07 02:31:56,25.3,68.0
2026-07-07 02:32:26,25.3,68.0
2026-07-07 02:32:56,25.3,68.0
2026-07-07 02:33:26,25.3,68.0
2026-07-07 02:33:56,25.3,68.0
2026-07-07 02:34:26,25.3,68.0
2026-07-07 02:34:56,25.3,68.0
2026-07-07 02:35:26,25.3,68.0
2026-07-07 02:35:56,25.3,68.0
2026-07-07 02:36:26,25.3,68.0
2026-07-07 02:36:56,25.3,68.0
2026-07-07 02:37:26,25.3,68.0
2026-07-07 02:37:56,25.3,68.0
2026-07-07 02:38:26,25.3,68.0
2026-07-07 02:38:56,25.3,68.0
2026-07-07 02:39:26,25.3,68.0
2026-07-07 02:39:56,25.3,68.0
2026-07-07 02:40:26,25.3,68.0
2026-07-07 02:40:56,25.3,68.0
2026-07-07 02:41:26,25.3,68.0
2026-07-07 02:41:56,25.3,68.0
2026-07-07 02:42:26,25.3,68.0
2026-07-07 02:42:56,25.3,68.0
2026-07-07 02:43:26,25.3,68.0
2026-07-07 02:43:56,25.3,68.0
2026-07-07 02:44:26,25.3,68.0
2026-07-07 02:44:56,25.3,68.0
2026-07-07 02:45:26,25.3,68.0
2026-07-07 02:45:56,25.3,68.0
2026-07-07 02:46:26,25.3,68.0
2026-07-07 02:46:56,25.3,68.0
2026-07-07 02:47:26,25.3,68.0
2026-07-07 02:47:56,25.3,68.0
2026-07-07 02:48:26,25.3,68.0
2026-07-07 02:48:56,25.3,68.0
2026-07-07 02:49:26,25.3,68.0
2026-07-07 02:49:56,25.3,68.0
2026-07-07 02:50:26,25.3,68.0
2026-07-07 02:50:56,25.3,68.0
2026-07-07 02:51:26,25.3,68.0
2026-07-07 02:51:56,25.3,68.0
2026-07-07 02:52:26,25.3,68.0
2026-07-07 02:52:56,25.3,68.0
2026-07-07 02:53:26,25.3,68.0
2026-07-07 02:53:56,25.3,68.0
2026-07-07 02:54:26,25.3,68.0
2026-07-07 02:54:56,25.3,68.0
2026-07-07 02:55:26,25.3,68.0
2026-07-07 02:55:56,25.3,68.0
2026-07-07 02:56:26,25.3,68.0
2026-07-07 02:56:56,25.3,68.0
2026-07-07 02:57:26,25.3,68.0
2026-07-07 02:57:56,25.3,68.0
2026-07-07 02:58:26,25.3,68.0
2026-07-07 02:58:56,25.3,68.0
2026-07-07 02:59:26,25.3,68.0
2026-07-07 02:59:56,25.3,68.0
2026-07-07 03:00:26,25.3,68.0
2026-07-07 03:00:56,25.3,68.0
2026-07-07 03:01:26,25.3,68.0
2026-07-07 03:01:56,25.3,68.0
2026-07-07 03:02:26,25.3,68.0
2026-07-07 03:02:56,25.3,68.0
2026-07-07 03:03:26,25.3,68.0
2026-07-07 03:03:56,25.3,68.0
2026-07-07 03:04:26,25.3,68.0
2026-07-07 03:04:56,25.3,68.0
2026-07-07 03:05:26,25.3,68.0
2026-07-07 03:05:56,25.3,68.0
2026-07-07 03:06:26,25.3,68.0
2026-07-07 03:06:56,25.3,68.0
2026-07-07 03:07:26,25.3,68.0
2026-07-07 03:07:56,25.3,68.0
2026-07-07 03:08:26,25.3,68.0
2026-07-07 03:08:56,25.3,68.0
2026-07-07 03:09:26,25.3,68.0
2026-07-07 03:09:56,25.3,68.0
2026-07-07 03:10:26,25.3,68.0
2026-07-07 03:10:56,25.3,68.0
2026-07-07 03:11:26,25.3,68.0
2026-07-07 03:11:56,25.3,68.0
2026-07-07 03:12:26,25.3,68.0
2026-07-07 03:12:56,25.3,68.0
2026-07-07 03:13:26,25.3,68.0
2026-07-07 03:13:56,25.3,68.0
2026-07-07 03:14:26,25.3,68.0
2026-07-07 03:14:56,25.3,68.0
2026-07-07 03:15:26,25.3,68.0
2026-07-07 03:15:56,25.3,68.0
2026-07-07 03:16:26,25.3,68.0
2026-07-07 03:16:56,25.3,68.0
2026-07-07 03:17:26,25.3,68.0
2026-07-07 03:17:56,25.3,68.0
2026-07-07 03:18:26,25.3,68.0
2026-07-07 03:18:56,25.3,68.0
2026-07-07 03:19:26,25.3,68.0
2026-07-07 03:19:56,25.3,68.0
2026-07-07 03:20:26,25.3,68.0
2026-07-07 03:20:56,25.3,68.0
2026-07-07 03:21:26,25.3,68.0
2026-07-07 03:21:56,25.3,68.0
2026-07-07 03:22:26,25.3,68.0
2026-07-07 03:22:56,25.3,68.0
2026-07-07 03:23:26,25.3,68.0
2026-07-07 03:23:56,25.3,68.0
2026-07-07 03:24:26,25.3,68.0
2026-07-07 03:24:56,25.3,68.0
2026-07-07 03:25:26,25.3,68.0
2026-07-07 03:25:56,25.3,68.0
2026-07-07 03:26:26,25.3,68.0
2026-07-07 03:26:56,25.3,68.0
2026-07-07 03:27:26,25.3,68.0
2026-07-07 03:27:56,25.3,68.0
2026-07-07 03:28:26,25.3,68.0
2026-07-07 03:28:56,25.3,68.0
2026-07-07 03:29:26,25.3,68.0
2026-07-07 03:29:56,25.3,68.0
2026-07-07 03:30:26,25.3,68.0
2026-07-07 03:30:56,25.3,68.0
2026-07-07 03:31:26,25.3,68.0
2026-07-07 03:31:56,25.3,68.0
2026-07-07 03:32:26,25.3,68.0
2026-07-07 03:32:56,25.3,68.0
2026-07-07 03:33:26,25.3,68.0
2026-07-07 03:33:56,25.3,68.0
2026-07-07 03:34:26,25.3,68.0
2026-07-07 03:34:56,25.3,68.0
2026-07-07 03:35:26,25.3,68.0
2026-07-07 03:35:56,25.3,68.0
2026-07-07 03:36:26,25.3,68.0
2026-07-07 03:36:56,25.3,68.0
2026-07-07 03:37:26,25.3,68.0
2026-07-07 03:37:56,25.3,68.0
2026-07-07 03:38:26,25.3,68.0
2026-07-07 03:38:56,25.3,68.0
2026-07-07 03:39:26,25.3,68.0
2026-07-07 03:39:56,25.3,68.0
2026-07-07 03:40:26,25.3,68.0
2026-07-07 03:40:56,25.3,68.0
2026-07-07 03:41:26,25.3,68.0
2026-07-07 03:41:56,25.3,68.0
2026-07-07 03:42:26,25.3,68.0
2026-07-07 03:42:56,25.3,68.0
2026-07-07 03:43:26,25.3,68.0
2026-07-07 03:43:56,25.3,68.0
2026-07-07 03:44:26,25.3,68.0
2026-07-07 03:44:56,25.3,68.0
2026-07-07 03:45:26,25.3,68.0
2026-07-07 03:45:56,25.3,68.0
2026-07-07 03:46:26,25.3,68.0
2026-07-07 03:46:56,25.3,68.0
2026-07-07 03:47:26,25.3,68.0
2026-07-07 03:47:56,25.3,68.0
2026-07-07 03:48:26,25.3,68.0
2026-07-07 03:48:56,25.3,68.0
2026-07-07 03:49:26,25.3,68.0
2026-07-07 03:49:56,25.3,68.0
2026-07-07 03:50:26,25.3,68.0
2026-07-07 03:50:56,25.3,68.0
2026-07-07 03:51:26,25.3,68.0
2026-07-07 03:51:56,25.3,68.0
2026-07-07 03:52:26,25.3,68.0
2026-07-07 03:52:56,25.3,68.0
2026-07-07 03:53:26,25.3,68.0
2026-07-07 03:53:56,25.3,68.0
2026-07-07 03:54:26,25.3,68.0
2026-07-07 03:54:56,25.3,68.0
2026-07-07 03:55:26,25.3,68.0
2026-07-07 03:55:56,25.3,68.0
2026-07-07 03:56:26,25.3,68.0
2026-07-07 03:56:56,25.3,68.0
2026-07-07 03:57:26,25.3,68.0
2026-07-07 03:57:56,25.3,68.0
2026-07-07 03:58:26,25.3,68.0
2026-07-07 03:58:56,25.3,68.0
2026-07-07 03:59:26,25.3,68.0
2026-07-07 03:59:56,25.3,68.0
2026-07-07 04:00:26,25.3,68.0
2026-07-07 04:00:56,25.3,68.0
2026-07-07 04:01:26,25.3,68.0
2026-07-07 04:01:56,25.3,68.0
2026-07-07 04:02:26,25.3,68.0
2026-07-07 04:02:56,25.3,68.0
2026-07-07 04:03:26,25.3,68.0
2026-07-07 04:03:56,25.3,68.0
2026-07-07 04:04:26,25.3,68.0
2026-07-07 04:04:56,25.3,68.0
2026-07-07 04:05:26,25.3,68.0
2026-07-07 04:05:56,25.3,68.0
2026-07-07 04:06:26,25.3,68.0
2026-07-07 04:06:56,25.3,68.0
2026-07-07 04:07:26,25.3,68.0
2026-07-07 04:07:56,25.3,68.0
2026-07-07 04:08:26,25.3,68.0
2026-07-07 04:08:56,25.3,68.0
2026-07-07 04:09:26,25.3,68.0
2026-07-07 04:09:56,25.3,68.0
2026-07-07 04:10:26,25.3,68.0
2026-07-07 04:10:56,25.3,68.0
2026-07-07 04:11:26,25.3,68.0
2026-07-07 04:11:56,25.3,68.0
2026-07-07 04:12:26,25.3,68.0
2026-07-07 04:12:56,25.3,68.0
2026-07-07 04:13:26,25.3,68.0
2026-07-07 04:13:56,25.3,68.0
2026-07-07 04:14:26,25.3,68.0
2026-07-07 04:14:56,25.3,68.0
2026-07-07 04:15:26,25.3,68.0
2026-07-07 04:15:56,25.3,68.0
2026-07-07 04:16:26,25.3,68.0
2026-07-07 04:16:56,25.3,68.0
2026-07-07 04:17:26,25.3,68.0
2026-07-07 04:17:56,25.3,68.0
2026-07-07 04:18:26,25.3,68.0
2026-07-07 04:18:56,25.3,68.0
2026-07-07 04:19:26,25.3,68.0
2026-07-07 04:19:56,25.3,68.0
2026-07-07 04:20:26,25.3,68.0
2026-07-07 04:20:56,25.3,68.0
2026-07-07 04:21:26,25.3,68.0
2026-07-07 04:21:56,25.3,68.0
2026-07-07 04:22:26,25.3,68.0
2026-07-07 04:22:56,25.3,68.0
2026-07-07 04:23:26,25.3,68.0
2026-07-07 04:23:56,25.3,68.0
2026-07-07 04:24:26,25.3,68.0
2026-07-07 04:24:56,25.3,68.0
2026-07-07 04:25:26,25.3,68.0
2026-07-07 04:25:56,25.3,68.0
2026-07-07 04:26:26,25.3,68.0
2026-07-07 04:26:56,25.3,68.0
2026-07-07 04:27:26,25.3,68.0
2026-07-07 04:27:56,25.3,68.0
2026-07-07 04:28:26,25.3,68.0
2026-07-07 04:28:56,25.3,68.0
2026-07-07 04:29:26,25.3,68.0
2026-07-07 04:29:56,25.3,68.0
2026-07-07 04:30:26,25.3,68.0
2026-07-07 04:30:56,25.3,68.0
2026-07-07 04:31:26,25.3,68.0
2026-07-07 04:31:56,25.3,68.0
2026-07-07 04:32:26,25.3,68.0
2026-07-07 04:32:56,25.3,68.0
2026-07-07 04:33:26,25.3,68.0
2026-07-07 04:33:56,25.3,68.0
2026-07-07 04:34:26,25.3,68.0
2026-07-07 04:34:56,25.3,68.0
2026-07-07 04:35:26,25.3,68.0
2026-07-07 04:35:56,25.3,68.0
2026-07-07 04:36:26,25.3,68.0
2026-07-07 04:36:56,25.3,68.0
2026-07-07 04:37:26,25.3,68.0
2026-07-07 04:37:56,25.3,68.0
2026-07-07 04:38:26,25.3,68.0
2026-07-07 04:38:56,25.3,68.0
2026-07-07 04:39:26,25.3,68.0
2026-07-07 04:39:56,25.3,68.0
2026-07-07 04:40:26,25.3,68.0
2026-07-07 04:40:56,25.3,68.0
2026-07-07 04:41:26,25.3,68.0
2026-07-07 04:41:56,25.3,68.0
2026-07-07 04:42:26,25.3,68.0
2026-07-07 04:42:56,25.3,68.0
2026-07-07 04:43:26,25.3,68.0
2026-07-07 04:43:56,25.3,68.0
2026-07-07 04:44:26,25.3,68.0
2026-07-07 04:44:56,25.3,68.0
2026-07-07 04:45:26,25.3,68.0
2026-07-07 04:45:56,25.3,68.0
2026-07-07 04:46:26,25.3,68.0
2026-07-07 04:46:56,25.3,68.0
2026-07-07 04:47:26,25.3,68.0
2026-07-07 04:47:56,25.3,68.0
2026-07-07 04:48:26,25.3,68.0
2026-07-07 04:48:56,25.3,68.0
2026-07-07 04:49:26,25.3,68.0
2026-07-07 04:49:56,25.3,68.0
2026-07-07 04:50:26,25.3,68.0
2026-07-07 04:50:56,25.3,68.0
2026-07-07 04:51:26,25.3,68.0
2026-07-07 04:51:56,25.3,68.0
2026-07-07 04:52:26,25.3,68.0
2026-07-07 04:52:56,25.3,68.0
2026-07-07 04:53:26,25.3,68.0
2026-07-07 04:53:56,25.3,68.0
2026-07-07 04:54:26,25.3,68.0
2026-07-07 04:54:56,25.3,68.0
2026-07-07 04:55:26,25.3,68.0
2026-07-07 04:55:56,25.3,68.0
2026-07-07 04:56:26,25.3,68.0
2026-07-07 04:56:56,25.3,68.0
2026-07-07 04:57:26,25.3,68.0
2026-07-07 04:57:56,25.3,68.0
2026-07-07 04:58:26,25.3,68.0
2026-07-07 04:58:56,25.3,68.0
2026-07-07 04:59:26,25.3,68.0
2026-07-07 04:59:56,25.3,68.0
2026-07-07 05:00:26,25.3,68.0
2026-07-07 05:00:56,25.3,68.0
2026-07-07 05:01:26,25.3,68.0
2026-07-07 05:01:56,25.3,68.0
2026-07-07 05:02:26,25.3,68.0
2026-07-07 05:02:56,25.3,68.0
2026-07-07 05:03:26,25.3,68.0
2026-07-07 05:03:56,25.3,68.0
2026-07-07 05:04:26,25.3,68.0
2026-07-07 05:04:56,25.3,68.0
2026-07-07 05:05:26,25.3,68.0
2026-07-07 05:05:56,25.3,68.0
2026-07-07 05:06:26,25.3,68.0
2026-07-07 05:06:56,25.3,68.0
2026-07-07 05:07:26,25.3,68.0
2026-07-07 05:07:56,25.3,68.0
2026-07-07 05:08:26,25.3,68.0
2026-07-07 05:08:56,25.3,68.0
2026-07-07 05:09:26,25.3,68.0
2026-07-07 05:09:56,25.3,68.0
2026-07-07 05:10:26,25.3,68.0
2026-07-07 05:10:56,25.3,68.0
2026-07-07 05:11:26,25.3,68.0
2026-07-07 05:11:56,25.3,68.0
2026-07-07 05:12:26,25.3,68.0
2026-07-07 05:12:56,25.3,68.0
2026-07-07 05:13:26,25.3,68.0
2026-07-07 05:13:56,25.3,68.0
2026-07-07 05:14:26,25.3,68.0
2026-07-07 05:14:56,25.3,68.0
2026-07-07 05:15:26,25.3,68.0
2026-07-07 05:15:56,25.3,68.0
2026-07-07 05:16:26,25.3,68.0
2026-07-07 05:16:56,25.3,68.0
2026-07-07 05:17:26,25.3,68.0
2026-07-07 05:17:56,25.3,68.0
2026-07-07 05:18:26,25.3,68.0
2026-07-07 05:18:56,25.3,68.0
2026-07-07 05:19:26,25.3,68.0
2026-07-07 05:19:56,25.3,68.0
2026-07-07 05:20:26,25.3,68.0
2026-07-07 05:20:56,25.3,68.0
2026-07-07 05:21:26,25.3,68.0
2026-07-07 05:21:56,25.3,68.0
2026-07-07 05:22:26,25.3,68.0
2026-07-07 05:22:56,25.3,68.0
2026-07-07 05:23:26,25.3,68.0
2026-07-07 05:23:56,25.3,68.0
2026-07-07 05:24:26,25.3,68.0
2026-07-07 05:24:56,25.3,68.0
2026-07-07 05:25:26,25.3,68.0
2026-07-07 05:25:56,25.3,68.0
2026-07-07 05:26:26,25.3,68.0
2026-07-07 05:26:56,25.3,68.0
2026-07-07 05:27:26,25.3,68.0
2026-07-07 05:27:56,25.3,68.0
2026-07-07 05:28:26,25.3,68.0
2026-07-07 05:28:56,25.3,68.0
2026-07-07 05:29:26,25.3,68.0
2026-07-07 05:29:56,25.3,68.0
2026-07-07 05:30:26,25.3,68.0
2026-07-07 05:30:56,25.3,68.0
2026-07-07 05:31:26,25.3,68.0
2026-07-07 05:31:56,25.3,68.0
2026-07-07 05:32:26,25.3,68.0
2026-07-07 05:32:56,25.3,68.0
2026-07-07 05:33:26,25.3,68.0
2026-07-07 05:33:56,25.3,68.0
2026-07-07 05:34:26,25.3,68.0
2026-07-07 05:34:56,25.3,68.0
2026-07-07 05:35:26,25.3,68.0
2026-07-07 05:35:56,25.3,68.0
2026-07-07 05:36:26,25.3,68.0
2026-07-07 05:36:56,25.3,68.0
2026-07-07 05:37:26,25.3,68.0
2026-07-07 05:37:56,25.3,68.0
2026-07-07 05:38:26,25.3,68.0
2026-07-07 05:38:56,25.3,68.0
2026-07-07 05:39:26,25.3,68.0
2026-07-07 05:39:56,25.3,68.0
2026-07-07 05:40:26,25.3,68.0
2026-07-07 05:40:56,25.3,68.0
2026-07-07 05:41:26,25.3,68.0
2026-07-07 05:41:56,25.3,68.0
2026-07-07 05:42:26,25.3,68.0
2026-07-07 05:42:56,25.3,68.0
2026-07-07 05:43:26,25.3,68.0
2026-07-07 05:43:56,25.3,68.0
2026-07-07 05:44:26,25.3,68.0
2026-07-07 05:44:56,25.3,68.0
2026-07-07 05:45:26,25.3,68.0
2026-07-07 05:45:56,25.3,68.0
2026-07-07 05:46:26,25.3,68.0
2026-07-07 05:46:56,25.3,68.0
2026-07-07 05:47:26,25.3,68.0
2026-07-07 05:47:56,25.3,68.0
2026-07-07 05:48:26,25.3,68.0
2026-07-07 05:48:56,25.3,68.0
2026-07-07 05:49:26,25.3,68.0
2026-07-07 05:49:56,25.3,68.0
2026-07-07 05:50:26,25.3,68.0
2026-07-07 05:50:56,25.3,68.0
2026-07-07 05:51:26,25.3,68.0
2026-07-07 05:51:56,25.3,68.0
2026-07-07 05:52:26,25.3,68.0
2026-07-07 05:52:56,25.3,68.0
2026-07-07 05:53:26,25.3,68.0
2026-07-07 05:53:56,25.3,68.0
2026-07-07 05:54:26,25.3,68.0
2026-07-07 05:54:56,25.3,68.0
2026-07-07 05:55:26,25.3,68.0
2026-07-07 05:55:56,25.3,68.0
2026-07-07 05:56:26,25.3,68.0
2026-07-07 05:56:56,25.3,68.0
2026-07-07 05:57:26,25.3,68.0
2026-07-07 05:57:56,25.3,68.0
2026-07-07 05:58:26,25.3,68.0
2026-07-07 05:58:56,25.3,68.0
2026-07-07 05:59:26,25.3,68.0
2026-07-07 05:59:56,25.3,68.0
2026-07-07 06:00:26,25.3,68.0
2026-07-07 06:00:56,25.3,68.0
2026-07-07 06:01:26,25.3,68.0
2026-07-07 06:01:56,25.3,68.0
2026-07-07 06:02:26,25.3,68.0
2026-07-07 06:02:56,25.3,68.0
2026-07-07 06:03:26,25.3,68.0
2026-07-07 06:03:56,25.3,68.0
2026-07-07 06:04:26,25.3,68.0
2026-07-07 06:04:56,25.3,68.0
2026-07-07 06:05:26,25.3,68.0
2026-07-07 06:05:56,25.3,68.0
2026-07-07 06:06:26,25.3,68.0
2026-07-07 06:06:56,25.3,68.0
2026-07-07 06:07:26,25.3,68.0
2026-07-07 06:07:56,25.3,68.0
2026-07-07 06:08:26,25.3,68.0
2026-07-07 06:08:56,25.3,68.0
2026-07-07 06:09:26,25.3,68.0
2026-07-07 06:09:56,25.3,68.0
2026-07-07 06:10:26,25.3,68.0
2026-07-07 06:10:56,25.3,68.0
2026-07-07 06:11:26,25.3,68.0
2026-07-07 06:11:56,25.3,68.0
2026-07-07 06:12:26,25.3,68.0
2026-07-07 06:12:56,25.3,68.0
2026-07-07 06:13:26,25.3,68.0
2026-07-07 06:13:56,25.3,68.0
2026-07-07 06:14:26,25.3,68.0
2026-07-07 06:14:56,25.3,68.0
2026-07-07 06:15:26,25.3,68.0
2026-07-07 06:15:56,25.3,68.0
2026-07-07 06:16:26,25.3,68.0
2026-07-07 06:16:56,25.3,68.0
2026-07-07 06:17:26,25.3,68.0
2026-07-07 06:17:56,25.3,68.0
2026-07-07 06:18:26,25.3,68.0
2026-07-07 06:18:56,25.3,68.0
2026-07-07 06:19:26,25.3,68.0
2026-07-07 06:19:56,25.3,68.0
2026-07-07 06:20:26,25.3,68.0
2026-07-07 06:20:56,25.3,68.0
2026-07-07 06:21:26,25.3,68.0
2026-07-07 06:21:56,25.3,68.0
2026-07-07 06:22:26,25.3,68.0
2026-07-07 06:22:56,25.3,68.0
2026-07-07 06:23:26,25.3,68.0
2026-07-07 06:23:56,25.3,68.0
2026-07-07 06:24:26,25.3,68.0
2026-07-07 06:24:56,25.3,68.0
2026-07-07 06:25:26,25.3,68.0
2026-07-07 06:25:56,25.3,68.0
2026-07-07 06:26:26,25.3,68.0
2026-07-07 06:26:56,25.3,68.0
2026-07-07 06:27:26,25.3,68.0
2026-07-07 06:27:56,25.3,68.0
2026-07-07 06:28:26,25.3,68.0
2026-07-07 06:28:56,25.3,68.0
2026-07-07 06:29:26,25.3,68.0
2026-07-07 06:29:56,25.3,68.0
2026-07-07 06:30:26,25.3,68.0
2026-07-07 06:30:56,25.3,68.0
2026-07-07 06:31:26,25.3,68.0
2026-07-07 06:31:56,25.3,68.0
2026-07-07 06:32:26,25.3,68.0
2026-07-07 06:32:56,25.3,68.0
2026-07-07 06:33:26,25.3,68.0
2026-07-07 06:33:56,25.3,68.0
2026-07-07 06:34:26,25.3,68.0
2026-07-07 06:34:56,25.3,68.0
2026-07-07 06:35:26,25.3,68.0
2026-07-07 06:35:56,25.3,68.0
2026-07-07 06:36:26,25.3,68.0
2026-07-07 06:36:56,25.3,68.0
2026-07-07 06:37:26,25.3,68.0
2026-07-07 06:37:56,25.3,68.0
2026-07-07 06:38:26,25.3,68.0
2026-07-07 06:38:56,25.3,68.0
2026-07-07 06:39:26,25.3,68.0
2026-07-07 06:39:56,25.3,68.0
2026-07-07 06:40:26,25.3,68.0
2026-07-07 06:40:56,25.3,68.0
2026-07-07 06:41:26,25.3,68.0
2026-07-07 06:41:56,25.3,68.0
2026-07-07 06:42:26,25.3,68.0
2026-07-07 06:42:56,25.3,68.0
2026-07-07 06:43:26,25.3,68.0
2026-07-07 06:43:56,25.3,68.0
2026-07-07 06:44:26,25.3,68.0
2026-07-07 06:44:56,25.3,68.0
2026-07-07 06:45:26,25.3,68.0
2026-07-07 06:45:56,25.3,68.0
2026-07-07 06:46:26,25.3,68.0
2026-07-07 06:46:56,25.3,68.0
2026-07-07 06:47:26,25.3,68.0
2026-07-07 06:47:56,25.3,68.0
2026-07-07 06:48:26,25.3,68.0
2026-07-07 06:48:56,25.3,68.0
2026-07-07 06:49:26,25.3,68.0
2026-07-07 06:49:56,25.3,68.0
2026-07-07 06:50:26,25.3,68.0
2026-07-07 06:50:56,25.3,68.0
2026-07-07 06:51:26,25.3,68.0
2026-07-07 06:51:56,25.3,68.0
2026-07-07 06:52:26,25.3,68.0
2026-07-07 06:52:56,25.3,68.0
2026-07-07 06:53:26,25.3,68.0
2026-07-07 06:53:56,25.3,68.0
2026-07-07 06:54:26,25.3,68.0
2026-07-07 06:54:56,25.3,68.0
2026-07-07 06:55:26,25.3,68.0
2026-07-07 06:55:56,25.3,68.0
2026-07-07 06:56:26,25.3,68.0
2026-07-07 06:56:56,25.3,68.0
2026-07-07 06:57:26,25.3,68.0
2026-07-07 06:57:56,25.3,68.0
2026-07-07 06:58:26,25.3,68.0
2026-07-07 06:58:56,25.3,68.0
2026-07-07 06:59:26,25.3,68.0
2026-07-07 06:59:56,25.3,68.0
2026-07-07 07:00:26,25.3,68.0
2026-07-07 07:00:56,25.3,68.0
2026-07-07 07:01:26,25.3,68.0
2026-07-07 07:01:56,25.3,68.0
2026-07-07 07:02:26,25.3,68.0
2026-07-07 07:02:56,25.3,68.0
2026-07-07 07:03:26,25.3,68.0
2026-07-07 07:03:56,25.3,68.0
2026-07-07 07:04:26,25.3,68.0
2026-07-07 07:04:56,25.3,68.0
2026-07-07 07:05:26,25.3,68.0
2026-07-07 07:05:56,25.3,68.0
2026-07-07 07:06:26,25.3,68.0
2026-07-07 07:06:56,25.3,68.0
2026-07-07 07:07:26,25.3,68.0
2026-07-07 07:07:56,25.3,68.0
2026-07-07 07:08:26,25.3,68.0
2026-07-07 07:08:56,25.3,68.0
2026-07-07 07:09:26,25.3,68.0
2026-07-07 07:09:56,25.3,68.0
2026-07-07 07:10:26,25.3,68.0
2026-07-07 07:10:56,25.3,68.0
2026-07-07 07:11:26,25.3,68.0
2026-07-07 07:11:56,25.3,68.0
2026-07-07 07:12:26,25.3,68.0
2026-07-07 07:12:56,25.3,68.0
2026-07-07 07:13:26,25.3,68.0
2026-07-07 07:13:56,25.3,68.0
2026-07-07 07:14:26,25.3,68.0
2026-07-07 07:14:56,25.3,68.0
2026-07-07 07:15:26,25.3,68.0
2026-07-07 07:15:56,25.3,68.0
2026-07-07 07:16:26,25.3,68.0
2026-07-07 07:16:56,25.3,68.0
2026-07-07 07:17:26,25.3,68.0
2026-07-07 07:17:56,25.3,68.0
2026-07-07 07:18:26,25.3,68.0
2026-07-07 07:18:56,25.3,68.0
2026-07-07 07:19:26,25.3,68.0
2026-07-07 07:19:56,25.3,68.0
2026-07-07 07:20:26,25.3,68.0
2026-07-07 07:20:56,25.3,68.0
2026-07-07 07:21:26,25.3,68.0
2026-07-07 07:21:56,25.3,68.0
2026-07-07 07:22:26,25.3,68.0
2026-07-07 07:22:56,25.3,68.0
2026-07-07 07:23:26,25.3,68.0
2026-07-07 07:23:56,25.3,68.0
2026-07-07 07:24:26,25.3,68.0
2026-07-07 07:24:56,25.3,68.0
2026-07-07 07:25:26,25.3,68.0
2026-07-07 07:25:56,25.3,68.0
2026-07-07 07:26:26,25.3,68.0
2026-07-07 07:26:56,25.3,68.0
2026-07-07 07:27:26,25.3,68.0
2026-07-07 07:27:56,25.3,68.0
2026-07-07 07:28:26,25.3,68.0
2026-07-07 07:28:56,25.3,68.0
2026-07-07 07:29:26,25.3,68.0
2026-07-07 07:29:56,25.3,68.0
2026-07-07 07:30:26,25.3,68.0
2026-07-07 07:30:56,25.3,68.0
2026-07-07 07:31:26,25.3,68.0
2026-07-07 07:31:56,25.3,68.0
2026-07-07 07:32:26,25.3,68.0
2026-07-07 07:32:56,25.3,68.0
2026-07-07 07:33:26,25.3,68.0
2026-07-07 07:33:56,25.3,68.0
2026-07-07 07:34:26,25.3,68.0
2026-07-07 07:34:56,25.3,68.0
2026-07-07 07:35:26,25.3,68.0
2026-07-07 07:35:56,25.3,68.0
2026-07-07 07:36:26,25.3,68.0
2026-07-07 07:36:56,25.3,68.0
2026-07-07 07:37:26,25.3,68.0
2026-07-07 07:37:56,25.3,68.0
2026-07-07 07:38:26,25.3,68.0
2026-07-07 07:38:56,25.3,68.0
2026-07-07 07:39:26,25.3,68.0
2026-07-07 07:39:56,25.3,68.0
2026-07-07 07:40:26,25.3,68.0
2026-07-07 07:40:56,25.3,68.0
2026-07-07 07:41:26,25.3,68.0
2026-07-07 07:41:56,25.3,68.0
2026-07-07 07:42:26,25.3,68.0
2026-07-07 07:42:56,25.3,68.0
2026-07-07 07:43:26,25.3,68.0
2026-07-07 07:43:56,25.3,68.0
2026-07-07 07:44:26,25.3,68.0
2026-07-07 07:44:56,25.3,68.0
2026-07-07 07:45:26,25.3,68.0
2026-07-07 07:45:56,25.3,68.0
2026-07-07 07:46:26,25.3,68.0
2026-07-07 07:46:56,25.3,68.0
2026-07-07 07:47:26,25.3,68.0
2026-07-07 07:47:56,25.3,68.0
2026-07-07 07:48:26,25.3,68.0
2026-07-07 07:48:56,25.3,68.0
2026-07-07 07:49:26,25.3,68.0
2026-07-07 07:49:56,25.3,68.0
2026-07-07 07:50:26,25.3,68.0
2026-07-07 07:50:56,25.3,68.0
2026-07-07 07:51:26,25.3,68.0
2026-07-07 07:51:56,25.3,68.0
2026-07-07 07:52:26,25.3,68.0
2026-07-07 07:52:56,25.3,68.0
2026-07-07 07:53:26,25.3,68.0
2026-07-07 07:53:56,25.3,68.0
2026-07-07 07:54:26,25.3,68.0
2026-07-07 07:54:56,25.3,68.0
2026-07-07 07:55:26,25.3,68.0
2026-07-07 07:55:56,25.3,68.0
2026-07-07 07:56:26,25.3,68.0
2026-07-07 07:56:56,25.3,68.0
2026-07-07 07:57:26,25.3,68.0
2026-07-07 07:57:56,25.3,68.0
2026-07-07 07:58:26,25.3,68.0
2026-07-07 07:58:56,25.3,68.0
2026-07-07 07:59:26,25.3,68.0
2026-07-07 07:59:56,25.3,68.0
2026-07-07 08:00:26,25.3,68.0
2026-07-07 08:00:56,25.3,68.0
2026-07-07 08:01:26,25.3,68.0
2026-07-07 08:01:56,25.3,68.0
2026-07-07 08:02:26,25.3,68.0
2026-07-07 08:02:56,25.3,68.0
2026-07-07 08:03:26,25.3,68.0
2026-07-07 08:03:56,25.3,68.0
2026-07-07 08:04:26,25.3,68.0
2026-07-07 08:04:56,25.3,68.0
2026-07-07 08:05:26,25.3,68.0
2026-07-07 08:05:56,25.3,68.0
2026-07-07 08:06:26,25.3,68.0
2026-07-07 08:06:56,25.3,68.0
2026-07-07 08:07:26,25.3,68.0
2026-07-07 08:07:56,25.3,68.0
2026-07-07 08:08:26,25.3,68.0
2026-07-07 08:08:56,25.3,68.0
2026-07-07 08:09:26,25.3,68.0
2026-07-07 08:09:56,25.3,68.0
2026-07-07 08:10:26,25.3,68.0
2026-07-07 08:10:56,25.3,68.0
2026-07-07 08:11:26,25.3,68.0
2026-07-07 08:11:56,25.3,68.0
2026-07-07 08:12:26,25.3,68.0
2026-07-07 08:12:56,25.3,68.0
2026-07-07 08:13:26,25.3,68.0
2026-07-07 08:13:56,25.3,68.0
2026-07-07 08:14:26,25.3,68.0
2026-07-07 08:14:56,25.3,68.0
2026-07-07 08:15:26,25.3,68.0
2026-07-07 08:15:56,25.3,68.0
2026-07-07 08:16:26,25.3,68.0
2026-07-07 08:16:56,25.3,68.0
2026-07-07 08:17:26,25.3,68.0
2026-07-07 08:17:56,25.3,68.0
2026-07-07 08:18:26,25.3,68.0
2026-07-07 08:18:56,25.3,68.0
2026-07-07 08:19:26,25.3,68.0
2026-07-07 08:19:56,25.3,68.0
2026-07-07 08:20:26,25.3,68.0
2026-07-07 08:20:56,25.3,68.0
2026-07-07 08:21:26,25.3,68.0
2026-07-07 08:21:56,25.3,68.0
2026-07-07 08:22:26,25.3,68.0
2026-07-07 08:22:56,25.3,68.0
2026-07-07 08:23:26,25.3,68.0
2026-07-07 08:23:56,25.3,68.0
2026-07-07 08:24:26,25.3,68.0
2026-07-07 08:24:56,25.3,68.0
2026-07-07 08:25:26,25.3,68.0
2026-07-07 08:25:56,25.3,68.0
2026-07-07 08:26:26,25.3,68.0
2026-07-07 08:26:56,25.3,68.0
2026-07-07 08:27:26,25.3,68.0
2026-07-07 08:27:56,25.3,68.0
2026-07-07 08:28:26,25.3,68.0
2026-07-07 08:28:56,25.3,68.0
2026-07-07 08:29:26,25.3,68.0
2026-07-07 08:29:56,25.3,68.0
2026-07-07 08:30:26,25.3,68.0
2026-07-07 08:30:56,25.3,68.0
2026-07-07 08:31:26,25.3,68.0
2026-07-07 08:31:56,25.3,68.0
2026-07-07 08:32:26,25.3,68.0
2026-07-07 08:32:56,25.3,68.0
2026-07-07 08:33:26,25.3,68.0
2026-07-07 08:33:56,25.3,68.0
2026-07-07 08:34:26,25.3,68.0
2026-07-07 08:34:56,25.3,68.0
2026-07-07 08:35:26,25.3,68.0
2026-07-07 08:35:56,25.3,68.0
2026-07-07 08:36:26,25.3,68.0
2026-07-07 08:36:56,25.3,68.0
2026-07-07 08:37:26,25.3,68.0
2026-07-07 08:37:56,25.3,68.0
2026-07-07 08:38:26,25.3,68.0
2026-07-07 08:38:56,25.3,68.0
2026-07-07 08:39:26,25.3,68.0
2026-07-07 08:39:56,25.3,68.0
2026-07-07 08:40:26,25.3,68.0
2026-07-07 08:40:56,25.3,68.0
2026-07-07 08:41:26,25.3,68.0
2026-07-07 08:41:56,25.3,68.0
2026-07-07 08:42:26,25.3,68.0
2026-07-07 08:42:56,25.3,68.0
2026-07-07 08:43:26,25.3,68.0
2026-07-07 08:43:56,25.3,68.0
2026-07-07 08:44:26,25.3,68.0
2026-07-07 08:44:56,25.3,68.0
2026-07-07 08:45:26,25.3,68.0
2026-07-07 08:45:56,25.3,68.0
2026-07-07 08:46:26,25.3,68.0
2026-07-07 08:46:56,25.3,68.0
2026-07-07 08:47:26,25.3,68.0
2026-07-07 08:47:56,25.3,68.0
2026-07-07 08:48:26,25.3,68.0
2026-07-07 08:48:56,25.3,68.0
2026-07-07 08:49:26,25.3,68.0
2026-07-07 08:49:56,25.3,68.0
2026-07-07 08:50:26,25.3,68.0
2026-07-07 08:50:56,25.3,68.0
2026-07-07 08:51:26,25.3,68.0
2026-07-07 08:51:56,25.3,68.0
2026-07-07 08:52:26,25.3,68.0
2026-07-07 08:52:56,25.3,68.0
2026-07-07 08:53:26,25.3,68.0
2026-07-07 08:53:56,25.3,68.0
2026-07-07 08:54:26,25.3,68.0
2026-07-07 08:54:56,25.3,68.0
2026-07-07 08:55:26,25.3,68.0
2026-07-07 08:55:56,25.3,68.0
2026-07-07 08:56:26,25.3,68.0
2026-07-07 08:56:56,25.3,68.0
2026-07-07 08:57:26,25.3,68.0
2026-07-07 08:57:56,25.3,68.0
2026-07-07 08:58:26,25.3,68.0
2026-07-07 08:58:56,25.3,68.0
2026-07-07 08:59:26,25.3,68.0
2026-07-07 08:59:56,25.3,68.0
2026-07-07 09:00:26,25.3,68.0
2026-07-07 09:00:56,25.3,68.0
2026-07-07 09:01:26,25.3,68.0
2026-07-07 09:01:56,25.3,68.0
2026-07-07 09:02:26,25.3,68.0
2026-07-07 09:02:56,25.3,68.0
2026-07-07 09:03:26,25.3,68.0
2026-07-07 09:03:56,25.3,68.0
2026-07-07 09:04:26,25.3,68.0
2026-07-07 09:04:56,25.3,68.0
2026-07-07 09:05:26,25.3,68.0
2026-07-07 09:05:56,25.3,68.0
2026-07-07 09:06:26,25.3,68.0
2026-07-07 09:06:56,25.3,68.0
2026-07-07 09:07:26,25.3,68.0
2026-07-07 09:07:56,25.3,68.0
2026-07-07 09:08:26,25.3,68.0
2026-07-07 09:08:56,25.3,68.0
2026-07-07 09:09:26,25.3,68.0
2026-07-07 09:09:56,25.3,68.0
2026-07-07 09:10:26,25.3,68.0
2026-07-07 09:10:56,25.3,68.0
2026-07-07 09:11:26,25.3,68.0
2026-07-07 09:11:56,25.3,68.0
2026-07-07 09:12:26,25.3,68.0
2026-07-07 09:12:56,25.3,68.0
2026-07-07 09:13:26,25.3,68.0
2026-07-07 09:13:56,25.3,68.0
2026-07-07 09:14:26,25.3,68.0
2026-07-07 09:14:56,25.3,68.0
2026-07-07 09:15:26,25.3,68.0
2026-07-07 09:15:56,25.3,68.0
2026-07-07 09:16:26,25.3,68.0
2026-07-07 09:16:56,25.3,68.0
2026-07-07 09:17:26,25.3,68.0
2026-07-07 09:17:56,25.3,68.0
2026-07-07 09:18:26,25.3,68.0
2026-07-07 09:18:56,25.3,68.0
2026-07-07 09:19:26,25.3,68.0
2026-07-07 09:19:56,25.3,68.0
2026-07-07 09:20:26,25.3,68.0
2026-07-07 09:20:56,25.3,68.0
2026-07-07 09:21:26,25.3,68.0
2026-07-07 09:21:56,25.3,68.0
2026-07-07 09:22:26,25.3,68.0
2026-07-07 09:22:56,25.3,68.0
2026-07-07 09:23:26,25.3,68.0
2026-07-07 09:23:56,25.3,68.0
2026-07-07 09:24:26,25.3,68.0
2026-07-07 09:24:56,25.3,68.0
2026-07-07 09:25:26,25.3,68.0
2026-07-07 09:25:56,25.3,68.0
2026-07-07 09:26:26,25.3,68.0
2026-07-07 09:26:56,25.3,68.0
2026-07-07 09:27:26,25.3,68.0
2026-07-07 09:27:56,25.3,68.0
2026-07-07 09:28:26,25.3,68.0
2026-07-07 09:28:56,25.3,68.0
2026-07-07 09:29:26,25.3,68.0
2026-07-07 09:29:56,25.3,68.0
2026-07-07 09:30:26,25.3,68.0
2026-07-07 09:30:56,25.3,68.0
2026-07-07 09:31:26,25.3,68.0
2026-07-07 09:31:56,25.3,68.0
2026-07-07 09:32:26,25.3,68.0
2026-07-07 09:32:56,25.3,68.0
2026-07-07 09:33:26,25.3,68.0
2026-07-07 09:33:56,25.3,68.0
2026-07-07 09:34:26,25.3,68.0
2026-07-07 09:34:56,25.3,68.0
2026-07-07 09:35:26,25.3,68.0
2026-07-07 09:35:56,25.3,68.0
2026-07-07 09:36:26,25.3,68.0
2026-07-07 09:36:56,25.3,68.0
2026-07-07 09:37:26,25.3,68.0
2026-07-07 09:37:56,25.3,68.0
2026-07-07 09:38:26,25.3,68.0
2026-07-07 09:38:56,25.3,68.0
2026-07-07 09:39:26,25.3,68.0
2026-07-07 09:39:56,25.3,68.0
2026-07-07 09:40:26,25.3,68.0
2026-07-07 09:40:56,25.3,68.0
2026-07-07 09:41:26,25.3,68.0
2026-07-07 09:41:56,25.3,68.0
2026-07-07 09:42:26,25.3,68.0
2026-07-07 09:42:56,25.3,68.0
2026-07-07 09:43:26,25.3,68.0
2026-07-07 09:43:56,25.3,68.0
2026-07-07 09:44:26,25.3,68.0
2026-07-07 09:44:56,25.3,68.0
2026-07-07 09:45:26,25.3,68.0
2026-07-07 09:45:56,25.3,68.0
2026-07-07 09:46:26,25.3,68.0
2026-07-07 09:46:56,25.3,68.0
2026-07-07 09:47:26,25.3,68.0
2026-07-07 09:47:56,25.3,68.0
2026-07-07 09:48:26,25.3,68.0
2026-07-07 09:48:56,25.3,68.0
2026-07-07 09:49:26,25.3,68.0
2026-07-07 09:49:56,25.3,68.0
2026-07-07 09:50:26,25.3,68.0
2026-07-07 09:50:56,25.3,68.0
2026-07-07 09:51:26,25.3,68.0
2026-07-07 09:51:56,25.3,68.0
2026-07-07 09:52:26,25.3,68.0
2026-07-07 09:52:56,25.3,68.0
2026-07-07 09:53:26,25.3,68.0
2026-07-07 09:53:56,25.3,68.0
2026-07-07 09:54:26,25.3,68.0
2026-07-07 09:54:56,25.3,68.0
2026-07-07 09:55:26,25.3,68.0
2026-07-07 09:55:56,25.3,68.0
2026-07-07 09:56:26,25.3,68.0
2026-07-07 09:56:56,25.3,68.0
2026-07-07 09:57:26,25.3,68.0
2026-07-07 09:57:56,25.3,68.0
2026-07-07 09:58:26,25.3,68.0
2026-07-07 09:58:56,25.3,68.0
2026-07-07 09:59:26,25.3,68.0
2026-07-07 09:59:56,25.3,68.0
2026-07-07 10:00:26,25.3,68.0
2026-07-07 10:00:56,25.3,68.0
2026-07-07 10:01:26,25.3,68.0
2026-07-07 10:01:56,25.3,68.0
2026-07-07 10:02:26,25.3,68.0
2026-07-07 10:02:56,25.3,68.0
2026-07-07 10:03:26,25.3,68.0
2026-07-07 10:03:56,25.3,68.0
2026-07-07 10:04:26,25.3,68.0
2026-07-07 10:04:56,25.3,68.0
2026-07-07 10:05:26,25.3,68.0
2026-07-07 10:05:56,25.3,68.0
2026-07-07 10:06:26,25.3,68.0
2026-07-07 10:06:56,25.3,68.0
2026-07-07 10:07:26,25.3,68.0
2026-07-07 10:07:56,25.3,68.0
2026-07-07 10:08:26,25.3,68.0
2026-07-07 10:08:56,25.3,68.0
2026-07-07 10:09:26,25.3,68.0
2026-07-07 10:09:56,25.3,68.0
2026-07-07 10:10:26,25.3,68.0
2026-07-07 10:10:56,25.3,68.0
2026-07-07 10:11:26,25.3,68.0
2026-07-07 10:11:56,25.3,68.0
2026-07-07 10:12:26,25.3,68.0
2026-07-07 10:12:56,25.3,68.0
2026-07-07 10:13:26,25.3,68.0
2026-07-07 10:13:56,25.3,68.0
2026-07-07 10:14:26,25.3,68.0
2026-07-07 10:14:56,25.3,68.0
2026-07-07 10:15:26,25.3,68.0
2026-07-07 10:15:56,25.3,68.0
2026-07-07 10:16:26,25.3,68.0
2026-07-07 10:16:56,25.3,68.0
2026-07-07 10:17:26,25.3,68.0
2026-07-07 10:17:56,25.3,68.0
2026-07-07 10:18:26,25.3,68.0
2026-07-07 10:18:56,25.3,68.0
2026-07-07 10:19:26,25.3,68.0
2026-07-07 10:19:56,25.3,68.0
2026-07-07 10:20:26,25.3,68.0
2026-07-07 10:20:56,25.3,68.0
2026-07-07 10:21:26,25.3,68.0
2026-07-07 10:21:56,25.3,68.0
2026-07-07 10:22:26,25.3,68.0
2026-07-07 10:22:56,25.3,68.0
2026-07-07 10:23:26,25.3,68.0
2026-07-07 10:23:56,25.3,68.0
2026-07-07 10:24:26,25.3,68.0
2026-07-07 10:24:56,25.3,68.0
2026-07-07 10:25:26,25.3,68.0
2026-07-07 10:25:56,25.3,68.0
2026-07-07 10:26:26,25.3,68.0
2026-07-07 10:26:56,25.3,68.0
2026-07-07 10:27:26,25.3,68.0
2026-07-07 10:27:56,25.3,68.0
2026-07-07 10:28:26,25.3,68.0
2026-07-07 10:28:56,25.3,68.0
2026-07-07 10:29:26,25.3,68.0
2026-07-07 10:29:56,25.3,68.0
2026-07-07 10:30:26,25.3,68.0
2026-07-07 10:30:56,25.3,68.0
2026-07-07 10:31:26,25.3,68.0
2026-07-07 10:31:56,25.3,68.0
2026-07-07 10:32:26,25.3,68.0
2026-07-07 10:32:56,25.3,68.0
2026-07-07 10:33:26,25.3,68.0
2026-07-07 10:33:56,25.3,68.0
2026-07-07 10:34:26,25.3,68.0
2026-07-07 10:34:56,25.3,68.0
2026-07-07 10:35:26,25.3,68.0
2026-07-07 10:35:56,25.3,68.0
2026-07-07 10:36:26,25.3,68.0
2026-07-07 10:36:56,25.3,68.0
2026-07-07 10:37:26,25.3,68.0
2026-07-07 10:37:56,25.3,68.0
2026-07-07 10:38:26,25.3,68.0
2026-07-07 10:38:56,25.3,68.0
2026-07-07 10:39:26,25.3,68.0
2026-07-07 10:39:56,25.3,68.0
2026-07-07 10:40:26,25.3,68.0
2026-07-07 10:40:56,25.3,68.0
2026-07-07 10:41:26,25.3,68.0
2026-07-07 10:41:56,25.3,68.0
2026-07-07 10:42:26,25.3,68.0
2026-07-07 10:42:56,25.3,68.0
2026-07-07 10:43:26,25.3,68.0
2026-07-07 10:43:56,25.3,68.0
2026-07-07 10:44:26,25.3,68.0
2026-07-07 10:44:56,25.3,68.0
2026-07-07 10:45:26,25.3,68.0
2026-07-07 10:45:56,25.3,68.0
2026-07-07 10:46:26,25.3,68.0
2026-07-07 10:46:56,25.3,68.0
2026-07-07 10:47:26,25.3,68.0
2026-07-07 10:47:56,25.3,68.0
2026-07-07 10:48:26,25.3,68.0
2026-07-07 10:48:56,25.3,68.0
2026-07-07 10:49:26,25.3,68.0
2026-07-07 10:49:56,25.3,68.0
2026-07-07 10:50:26,25.3,68.0
2026-07-07 10:50:56,25.3,68.0
2026-07-07 10:51:26,25.3,68.0
2026-07-07 10:51:56,25.3,68.0
2026-07-07 10:52:26,25.3,68.0
2026-07-07 10:52:56,25.3,68.0
2026-07-07 10:53:26,25.3,68.0
2026-07-07 10:53:56,25.3,68.0
2026-07-07 10:54:26,25.3,68.0
2026-07-07 10:54:56,25.3,68.0
2026-07-07 10:55:26,25.3,68.0
2026-07-07 10:55:56,25.3,68.0
2026-07-07 10:56:26,25.3,68.0
2026-07-07 10:56:56,25.3,68.0
2026-07-07 10:57:26,25.3,68.0
2026-07-07 10:57:56,25.3,68.0
2026-07-07 10:58:26,25.3,68.0
2026-07-07 10:58:56,25.3,68.0
2026-07-07 10:59:26,25.3,68.0
2026-07-07 10:59:56,25.3,68.0
2026-07-07 11:00:26,25.3,68.0
2026-07-07 11:00:56,25.3,68.0
2026-07-07 11:01:26,25.3,68.0
2026-07-07 11:01:56,25.3,68.0
2026-07-07 11:02:26,25.3,68.0
2026-07-07 11:02:56,25.3,68.0
2026-07-07 11:03:26,25.3,68.0
2026-07-07 11:03:56,25.3,68.0
2026-07-07 11:04:26,25.3,68.0
2026-07-07 11:04:56,25.3,68.0
2026-07-07 11:05:26,25.3,68.0
2026-07-07 11:05:56,25.3,68.0
2026-07-07 11:06:26,25.3,68.0
2026-07-07 11:06:56,25.3,68.0
2026-07-07 11:07:26,25.3,68.0
2026-07-07 11:07:56,25.3,68.0
2026-07-07 11:08:26,25.3,68.0
2026-07-07 11:08:56,25.3,68.0
2026-07-07 11:09:26,25.3,68.0
2026-07-07 11:09:56,25.3,68.0
2026-07-07 11:10:26,25.3,68.0
2026-07-07 11:10:56,25.3,68.0
2026-07-07 11:11:26,25.3,68.0
2026-07-07 11:11:56,25.3,68.0
2026-07-07 11:12:26,25.3,68.0
2026-07-07 11:12:56,25.3,68.0
2026-07-07 11:13:26,25.3,68.0
2026-07-07 11:13:56,25.3,68.0
2026-07-07 11:14:26,25.3,68.0
2026-07-07 11:14:56,25.3,68.0
2026-07-07 11:15:26,25.3,68.0
2026-07-07 11:15:56,25.3,68.0
2026-07-07 11:16:26,25.3,68.0
2026-07-07 11:16:56,25.3,68.0
2026-07-07 11:17:26,25.3,68.0
2026-07-07 11:17:56,25.3,68.0
2026-07-07 11:18:26,25.3,68.0
2026-07-07 11:18:56,25.3,68.0
2026-07-07 11:19:26,25.3,68.0
2026-07-07 11:19:56,25.3,68.0
2026-07-07 11:20:26,25.3,68.0
2026-07-07 11:20:56,25.3,68.0
2026-07-07 11:21:26,25.3,68.0
2026-07-07 11:21:56,25.3,68.0
2026-07-07 11:22:26,25.3,68.0
2026-07-07 11:22:56,25.3,68.0
2026-07-07 11:23:26,25.3,68.0
2026-07-07 11:23:56,25.3,68.0
2026-07-07 11:24:26,25.3,68.0
2026-07-07 11:24:56,25.3,68.0
2026-07-07 11:25:26,25.3,68.0
2026-07-07 11:25:56,25.3,68.0
2026-07-07 11:26:26,25.3,68.0
2026-07-07 11:26:56,25.3,68.0
2026-07-07 11:27:26,25.3,68.0
2026-07-07 11:27:56,25.3,68.0
2026-07-07 11:28:26,25.3,68.0
2026-07-07 11:28:56,25.3,68.0
2026-07-07 11:29:26,25.3,68.0
2026-07-07 11:29:56,25.3,68.0
2026-07-07 11:30:26,25.3,68.0
2026-07-07 11:30:56,25.3,68.0
2026-07-07 11:31:26,25.3,68.0
2026-07-07 11:31:56,25.3,68.0
2026-07-07 11:32:26,25.3,68.0
2026-07-07 11:32:56,25.3,68.0
2026-07-07 11:33:26,25.3,68.0
2026-07-07 11:33:56,25.3,68.0
2026-07-07 11:34:26,25.3,68.0
2026-07-07 11:34:56,25.3,68.0
2026-07-07 11:35:26,25.3,68.0
2026-07-07 11:35:56,25.3,68.0
2026-07-07 11:36:26,25.3,68.0
2026-07-07 11:36:56,25.3,68.0
2026-07-07 11:37:26,25.3,68.0
2026-07-07 11:37:56,25.3,68.0
2026-07-07 11:38:26,25.3,68.0
2026-07-07 11:38:56,25.3,68.0
2026-07-07 11:39:26,25.3,68.0
2026-07-07 11:39:56,25.3,68.0
2026-07-07 11:40:26,25.3,68.0
2026-07-07 11:40:56,25.3,68.0
2026-07-07 11:41:26,25.3,68.0
2026-07-07 11:41:56,25.3,68.0
2026-07-07 11:42:26,25.3,68.0
2026-07-07 11:42:56,25.3,68.0
2026-07-07 11:43:26,25.3,68.0
2026-07-07 11:43:56,25.3,68.0
2026-07-07 11:44:26,25.3,68.0
2026-07-07 11:44:56,25.3,68.0
2026-07-07 11:45:26,25.3,68.0
2026-07-07 11:45:56,25.3,68.0
2026-07-07 11:46:26,25.3,68.0
2026-07-07 11:46:56,25.3,68.0
2026-07-07 11:47:26,25.3,68.0
2026-07-07 11:47:56,25.3,68.0
2026-07-07 11:48:26,25.3,68.0
2026-07-07 11:48:56,25.3,68.0
2026-07-07 11:49:26,25.3,68.0
2026-07-07 11:49:56,25.3,68.0
2026-07-07 11:50:26,25.3,68.0
2026-07-07 11:50:56,25.3,68.0
2026-07-07 11:51:26,25.3,68.0
2026-07-07 11:51:56,25.3,68.0
2026-07-07 11:52:26,25.3,68.0
2026-07-07 11:52:56,25.3,68.0
2026-07-07 11:53:26,25.3,68.0
2026-07-07 11:53:56,25.3,68.0
2026-07-07 11:54:26,25.3,68.0
2026-07-07 11:54:56,25.3,68.0
2026-07-07 11:55:26,25.3,68.0
2026-07-07 11:55:56,25.3,68.0
2026-07-07 11:56:26,25.3,68.0
2026-07-07 11:56:56,25.3,68.0
2026-07-07 11:57:26,25.3,68.0
2026-07-07 11:57:56,25.3,68.0
2026-07-07 11:58:26,25.3,68.0
2026-07-07 11:58:56,25.3,68.0
2026-07-07 11:59:26,25.3,68.0
2026-07-07 11:59:56,25.3,68.0
2026-07-07 12:00:26,25.3,68.0
2026-07-07 12:00:56,25.3,68.0
2026-07-07 12:01:26,25.3,68.0
2026-07-07 12:01:56,25.3,68.0
2026-07-07 12:02:26,25.3,68.0
2026-07-07 12:02:56,25.3,68.0
2026-07-07 12:03:26,25.3,68.0
2026-07-07 12:03:56,25.3,68.0
2026-07-07 12:04:26,25.3,68.0
2026-07-07 12:04:56,25.3,68.0
2026-07-07 12:05:26,25.3,68.0
2026-07-07 12:05:56,25.3,68.0
2026-07-07 12:06:26,25.3,68.0
2026-07-07 12:06:56,25.3,68.0
2026-07-07 12:07:26,25.3,68.0
2026-07-07 12:07:56,25.3,68.0
2026-07-07 12:08:26,25.3,68.0
2026-07-07 12:08:56,25.3,68.0
2026-07-07 12:09:26,25.3,68.0
2026-07-07 12:09:56,25.3,68.0
2026-07-07 12:10:26,25.3,68.0
2026-07-07 12:10:56,25.3,68.0
2026-07-07 12:11:26,25.3,68.0
2026-07-07 12:11:56,25.3,68.0
2026-07-07 12:12:26,25.3,68.0
2026-07-07 12:12:56,25.3,68.0
2026-07-07 12:13:26,25.3,68.0
2026-07-07 12:13:56,25.3,68.0
2026-07-07 12:14:26,25.3,68.0
2026-07-07 12:14:56,25.3,68.0
2026-07-07 12:15:26,25.3,68.0
2026-07-07 12:15:56,25.3,68.0
2026-07-07 12:16:26,25.3,68.0
2026-07-07 12:16:56,25.3,68.0
2026-07-07 12:17:26,25.3,68.0
2026-07-07 12:17:56,25.3,68.0
2026-07-07 12:18:26,25.3,68.0
2026-07-07 12:18:56,25.3,68.0
2026-07-07 12:19:26,25.3,68.0
2026-07-07 12:19:56,25.3,68.0
2026-07-07 12:20:26,25.3,68.0
2026-07-07 12:20:56,25.3,68.0
2026-07-07 12:21:26,25.3,68.0
2026-07-07 12:21:56,25.3,68.0
2026-07-07 12:22:26,25.3,68.0
2026-07-07 12:22:56,25.3,68.0
2026-07-07 12:23:26,25.3,68.0
2026-07-07 12:23:56,25.3,68.0
2026-07-07 12:24:26,25.3,68.0
2026-07-07 12:24:56,25.3,68.0
2026-07-07 12:25:26,25.3,68.0
2026-07-07 12:25:56,25.3,68.0
2026-07-07 12:26:26,25.3,68.0
2026-07-07 12:26:56,25.3,68.0
2026-07-07 12:27:26,25.3,68.0
2026-07-07 12:27:56,25.3,68.0
2026-07-07 12:28:26,25.3,68.0
2026-07-07 12:28:56,25.3,68.0
2026-07-07 12:29:26,25.3,68.0
2026-07-07 12:29:56,25.3,68.0
2026-07-07 12:30:26,25.3,68.0
2026-07-07 12:30:56,25.3,68.0
2026-07-07 12:31:26,25.3,68.0
2026-07-07 12:31:56,25.3,68.0
2026-07-07 12:32:26,25.3,68.0
2026-07-07 12:32:56,25.3,68.0
2026-07-07 12:33:26,25.3,68.0
2026-07-07 12:33:56,25.3,68.0
2026-07-07 12:34:26,25.3,68.0
2026-07-07 12:34:56,25.3,68.0
2026-07-07 12:35:26,25.3,68.0
2026-07-07 12:35:56,25.3,68.0
2026-07-07 12:36:26,25.3,68.0
2026-07-07 12:36:56,25.3,68.0
2026-07-07 12:37:26,25.3,68.0
2026-07-07 12:37:56,25.3,68.0
2026-07-07 12:38:26,25.3,68.0
2026-07-07 12:38:56,25.3,68.0
2026-07-07 12:39:26,25.3,68.0
2026-07-07 12:39:56,25.3,68.0
2026-07-07 12:40:26,25.3,68.0
2026-07-07 12:40:56,25.3,68.0
2026-07-07 12:41:26,25.3,68.0
2026-07-07 12:41:56,25.3,68.0
2026-07-07 12:42:26,25.3,68.0
2026-07-07 12:42:56,25.3,68.0
2026-07-07 12:43:26,25.3,68.0
2026-07-07 12:43:56,25.3,68.0
2026-07-07 12:44:26,25.3,68.0
2026-07-07 12:44:56,25.3,68.0
2026-07-07 12:45:26,25.3,68.0
2026-07-07 12:45:56,25.3,68.0
2026-07-07 12:46:26,25.3,68.0
2026-07-07 12:46:56,25.3,68.0
2026-07-07 12:47:26,25.3,68.0
2026-07-07 12:47:56,25.3,68.0
2026-07-07 12:48:26,25.3,68.0
2026-07-07 12:48:56,25.3,68.0
2026-07-07 12:49:26,25.3,68.0
2026-07-07 12:49:56,25.3,68.0
2026-07-07 12:50:26,25.3,68.0
2026-07-07 12:50:56,25.3,68.0
2026-07-07 12:51:26,25.3,68.0
2026-07-07 12:51:56,25.3,68.0
2026-07-07 12:52:26,25.3,68.0
2026-07-07 12:52:56,25.3,68.0
2026-07-07 12:53:26,25.3,68.0
2026-07-07 12:53:56,25.3,68.0
2026-07-07 12:54:26,25.3,68.0
2026-07-07 12:54:56,25.3,68.0
2026-07-07 12:55:26,25.3,68.0
2026-07-07 12:55:56,25.3,68.0
2026-07-07 12:56:26,25.3,68.0
2026-07-07 12:56:56,25.3,68.0
2026-07-07 12:57:26,25.3,68.0
2026-07-07 12:57:56,25.3,68.0
2026-07-07 12:58:26,25.3,68.0
2026-07-07 12:58:56,25.3,68.0
2026-07-07 12:59:26,25.3,68.0
2026-07-07 12:59:56,25.3,68.0
2026-07-07 13:00:26,25.3,68.0
2026-07-07 13:00:56,25.3,68.0
2026-07-07 13:01:26,25.3,68.0
2026-07-07 13:01:56,25.3,68.0
2026-07-07 13:02:26,25.3,68.0
2026-07-07 13:02:56,25.3,68.0
2026-07-07 13:03:26,25.3,68.0
2026-07-07 13:03:56,25.3,68.0
2026-07-07 13:04:26,25.3,68.0
2026-07-07 13:04:56,25.3,68.0
2026-07-07 13:05:26,25.3,68.0
2026-07-07 13:05:56,25.3,68.0
2026-07-07 13:06:26,25.3,68.0
2026-07-07 13:06:56,25.3,68.0
2026-07-07 13:07:26,25.3,68.0
2026-07-07 13:07:56,25.3,68.0
2026-07-07 13:08:26,25.3,68.0
2026-07-07 13:08:56,25.3,68.0
2026-07-07 13:09:26,25.3,68.0
2026-07-07 13:09:56,25.3,68.0
2026-07-07 13:10:26,25.3,68.0
2026-07-07 13:10:56,25.3,68.0
2026-07-07 13:11:26,25.3,68.0
2026-07-07 13:11:56,25.3,68.0
2026-07-07 13:12:26,25.3,68.0
2026-07-07 13:12:56,25.3,68.0
2026-07-07 13:13:26,25.3,68.0
2026-07-07 13:13:56,25.3,68.0
2026-07-07 13:14:26,25.3,68.0
2026-07-07 13:14:56,25.3,68.0
2026-07-07 13:15:26,25.3,68.0
2026-07-07 13:15:56,25.3,68.0
2026-07-07 13:16:26,25.3,68.0
2026-07-07 13:16:56,25.3,68.0
2026-07-07 13:17:26,25.3,68.0
2026-07-07 13:17:56,25.3,68.0
2026-07-07 13:18:26,25.3,68.0
2026-07-07 13:18:56,25.3,68.0
2026-07-07 13:19:26,25.3,68.0
2026-07-07 13:19:56,25.3,68.0
2026-07-07 13:20:26,25.3,68.0
2026-07-07 13:20:56,25.3,68.0
2026-07-07 13:21:26,25.3,68.0
2026-07-07 13:21:56,25.3,68.0
2026-07-07 13:22:26,25.3,68.0
2026-07-07 13:22:56,25.3,68.0
2026-07-07 13:23:26,25.3,68.0
2026-07-07 13:23:56,25.3,68.0
2026-07-07 13:24:26,25.3,68.0
2026-07-07 13:24:56,25.3,68.0
2026-07-07 13:25:26,25.3,68.0
2026-07-07 13:25:56,25.3,68.0
2026-07-07 13:26:26,25.3,68.0
2026-07-07 13:26:56,25.3,68.0
2026-07-07 13:27:26,25.3,68.0
2026-07-07 13:27:56,25.3,68.0
2026-07-07 13:28:26,25.3,68.0
2026-07-07 13:28:56,25.3,68.0
2026-07-07 13:29:26,25.3,68.0
2026-07-07 13:29:56,25.3,68.0
2026-07-07 13:30:26,25.3,68.0
2026-07-07 13:30:56,25.3,68.0
2026-07-07 13:31:26,25.3,68.0
2026-07-07 13:31:56,25.3,68.0
2026-07-07 13:32:26,25.3,68.0
2026-07-07 13:32:56,25.3,68.0
2026-07-07 13:33:26,25.3,68.0
2026-07-07 13:33:56,25.3,68.0
2026-07-07 13:34:26,25.3,68.0
2026-07-07 13:34:56,25.3,68.0
2026-07-07 13:35:26,25.3,68.0
2026-07-07 13:35:56,25.3,68.0
2026-07-07 13:36:26,25.3,68.0
2026-07-07 13:36:56,25.3,68.0
2026-07-07 13:37:26,25.3,68.0
2026-07-07 13:37:56,25.3,68.0
2026-07-07 13:38:26,25.3,68.0
2026-07-07 13:38:56,25.3,68.0
2026-07-07 13:39:26,25.3,68.0
2026-07-07 13:39:56,25.3,68.0
2026-07-07 13:40:26,25.3,68.0
2026-07-07 13:40:56,25.3,68.0
2026-07-07 13:41:26,25.3,68.0
2026-07-07 13:41:56,25.3,68.0
2026-07-07 13:42:26,25.3,68.0
2026-07-07 13:42:56,25.3,68.0
2026-07-07 13:43:26,25.3,68.0
2026-07-07 13:43:56,25.3,68.0
2026-07-07 13:44:26,25.3,68.0
2026-07-07 13:44:56,25.3,68.0
2026-07-07 13:45:26,25.3,68.0
2026-07-07 13:45:56,25.3,68.0
2026-07-07 13:46:26,25.3,68.0
2026-07-07 13:46:56,25.3,68.0
2026-07-07 13:47:26,25.3,68.0
2026-07-07 13:47:56,25.3,68.0
2026-07-07 13:48:26,25.3,68.0
2026-07-07 13:48:56,25.3,68.0
2026-07-07 13:49:26,25.3,68.0
2026-07-07 13:49:56,25.3,68.0
2026-07-07 13:50:26,25.3,68.0
2026-07-07 13:50:56,25.3,68.0
2026-07-07 13:51:26,25.3,68.0
2026-07-07 13:51:56,25.3,68.0
2026-07-07 13:52:26,25.3,68.0
2026-07-07 13:52:56,25.3,68.0
2026-07-07 13:53:26,25.3,68.0
2026-07-07 13:53:56,25.3,68.0
2026-07-07 13:54:26,25.3,68.0
2026-07-07 13:54:56,25.3,68.0
2026-07-07 13:55:26,25.3,68.0
2026-07-07 13:55:56,25.3,68.0
2026-07-07 13:56:26,25.3,68.0
2026-07-07 13:56:56,25.3,68.0
2026-07-07 13:57:26,25.3,68.0
2026-07-07 13:57:56,25.3,68.0
2026-07-07 13:58:26,25.3,68.0
2026-07-07 13:58:56,25.3,68.0
2026-07-07 13:59:26,25.3,68.0
2026-07-07 13:59:56,25.3,68.0
2026-07-07 14:00:26,25.3,68.0
2026-07-07 14:00:56,25.3,68.0
2026-07-07 14:01:26,25.3,68.0
2026-07-07 14:01:56,25.3,68.0
2026-07-07 14:02:26,25.3,68.0
2026-07-07 14:02:56,25.3,68.0
2026-07-07 14:03:26,25.3,68.0
2026-07-07 14:03:56,25.3,68.0
2026-07-07 14:04:26,25.3,68.0
2026-07-07 14:04:56,25.3,68.0
2026-07-07 14:05:26,25.3,68.0
2026-07-07 14:05:56,25.3,68.0
2026-07-07 14:06:26,25.3,68.0
2026-07-07 14:06:56,25.3,68.0
2026-07-07 14:07:26,25.3,68.0
2026-07-07 14:07:56,25.3,68.0
2026-07-07 14:08:26,25.3,68.0
2026-07-07 14:08:56,25.3,68.0
2026-07-07 14:09:26,25.3,68.0
2026-07-07 14:09:56,25.3,68.0
2026-07-07 14:10:26,25.3,68.0
2026-07-07 14:10:56,25.3,68.0
2026-07-07 14:11:26,25.3,68.0
2026-07-07 14:11:56,25.3,68.0
2026-07-07 14:12:26,25.3,68.0
2026-07-07 14:12:56,25.3,68.0
2026-07-07 14:13:26,25.3,68.0
2026-07-07 14:13:56,25.3,68.0
2026-07-07 14:14:26,25.3,68.0
2026-07-07 14:14:56,25.3,68.0
2026-07-07 14:15:26,25.3,68.0
2026-07-07 14:15:56,25.3,68.0
2026-07-07 14:16:26,25.3,68.0
2026-07-07 14:16:56,25.3,68.0
2026-07-07 14:17:26,25.3,68.0
2026-07-07 14:17:56,25.3,68.0
2026-07-07 14:18:26,25.3,68.0
2026-07-07 14:18:56,25.3,68.0
2026-07-07 14:19:26,25.3,68.0
2026-07-07 14:19:56,25.3,68.0
2026-07-07 14:20:26,25.3,68.0
2026-07-07 14:20:56,25.3,68.0
2026-07-07 14:21:26,25.3,68.0
2026-07-07 14:21:56,25.3,68.0
2026-07-07 14:22:26,25.3,68.0
2026-07-07 14:22:56,25.3,68.0
2026-07-07 14:23:26,25.3,68.0
2026-07-07 14:23:56,25.3,68.0
2026-07-07 14:24:26,25.3,68.0
2026-07-07 14:24:56,25.3,68.0
2026-07-07 14:25:26,25.3,68.0
2026-07-07 14:25:56,25.3,68.0
2026-07-07 14:26:26,25.3,68.0
2026-07-07 14:26:56,25.3,68.0
2026-07-07 14:27:26,25.3,68.0
2026-07-07 14:27:56,25.3,68.0
2026-07-07 14:28:26,25.3,68.0
2026-07-07 14:28:56,25.3,68.0
2026-07-07 14:29:26,25.3,68.0
2026-07-07 14:29:56,25.3,68.0
2026-07-07 14:30:26,25.3,68.0
2026-07-07 14:30:56,25.3,68.0
2026-07-07 14:31:26,25.3,68.0
2026-07-07 14:31:56,25.3,68.0
2026-07-07 14:32:26,25.3,68.0
2026-07-07 14:32:56,25.3,68.0
2026-07-07 14:33:26,25.3,68.0
2026-07-07 14:33:56,25.3,68.0
2026-07-07 14:34:26,25.3,68.0
2026-07-07 14:34:56,25.3,68.0
2026-07-07 14:35:26,25.3,68.0
2026-07-07 14:35:56,25.3,68.0
2026-07-07 14:36:26,25.3,68.0
2026-07-07 14:36:56,25.3,68.0
2026-07-07 14:37:26,25.3,68.0
2026-07-07 14:37:56,25.3,68.0
2026-07-07 14:38:26,25.3,68.0
2026-07-07 14:38:56,25.3,68.0
2026-07-07 14:39:26,25.3,68.0
2026-07-07 14:39:56,25.3,68.0
2026-07-07 14:40:26,25.3,68.0
2026-07-07 14:40:56,25.3,68.0
2026-07-07 14:41:26,25.3,68.0
2026-07-07 14:41:56,25.3,68.0
2026-07-07 14:42:26,25.3,68.0
2026-07-07 14:42:56,25.3,68.0
2026-07-07 14:43:26,25.3,68.0
2026-07-07 14:43:56,25.3,68.0
2026-07-07 14:44:26,25.3,68.0
2026-07-07 14:44:56,25.3,68.0
2026-07-07 14:45:26,25.3,68.0
2026-07-07 14:45:56,25.3,68.0
2026-07-07 14:46:26,25.3,68.0
2026-07-07 14:46:56,25.3,68.0
2026-07-07 14:47:26,25.3,68.0
2026-07-07 14:47:56,25.3,68.0
2026-07-07 14:48:26,25.3,68.0
2026-07-07 14:48:56,25.3,68.0
2026-07-07 14:49:26,25.3,68.0
2026-07-07 14:49:56,25.3,68.0
2026-07-07 14:50:26,25.3,68.0
2026-07-07 14:50:56,25.3,68.0
2026-07-07 14:51:26,25.3,68.0
2026-07-07 14:51:56,25.3,68.0
2026-07-07 14:52:26,25.3,68.0
2026-07-07 14:52:56,25.3,68.0
2026-07-07 14:53:26,25.3,68.0
2026-07-07 14:53:56,25.3,68.0
2026-07-07 14:54:26,25.3,68.0
2026-07-07 14:54:56,25.3,68.0
2026-07-07 14:55:26,25.3,68.0
2026-07-07 14:55:56,25.3,68.0
2026-07-07 14:56:26,25.3,68.0
2026-07-07 14:56:56,25.3,68.0
2026-07-07 14:57:26,25.3,68.0
2026-07-07 14:57:56,25.3,68.0
2026-07-07 14:58:26,25.3,68.0
2026-07-07 14:58:56,25.3,68.0
2026-07-07 14:59:26,25.3,68.0
2026-07-07 14:59:56,25.3,68.0
2026-07-07 15:00:26,25.3,68.0
2026-07-07 15:00:56,25.3,68.0
2026-07-07 15:01:26,25.3,68.0
2026-07-07 15:01:56,25.3,68.0
2026-07-07 15:02:26,25.3,68.0
2026-07-07 15:02:56,25.3,68.0
2026-07-07 15:03:26,25.3,68.0
2026-07-07 15:03:56,25.3,68.0
2026-07-07 15:04:26,25.3,68.0
2026-07-07 15:04:56,25.3,68.0
2026-07-07 15:05:26,25.3,68.0
2026-07-07 15:05:56,25.3,68.0
2026-07-07 15:06:26,25.3,68.0
2026-07-07 15:06:56,25.3,68.0
2026-07-07 15:07:26,25.3,68.0
2026-07-07 15:07:56,25.3,68.0
2026-07-07 15:08:26,25.3,68.0
2026-07-07 15:08:56,25.3,68.0
2026-07-07 15:09:26,25.3,68.0
2026-07-07 15:09:56,25.3,68.0
2026-07-07 15:10:26,25.3,68.0
2026-07-07 15:10:56,25.3,68.0
2026-07-07 15:11:26,25.3,68.0
2026-07-07 15:11:56,25.3,68.0
2026-07-07 15:12:26,25.3,68.0
2026-07-07 15:12:56,25.3,68.0
2026-07-07 15:13:26,25.3,68.0
2026-07-07 15:13:56,25.3,68.0
2026-07-07 15:14:26,25.3,68.0
2026-07-07 15:14:56,25.3,68.0
2026-07-07 15:15:26,25.3,68.0
2026-07-07 15:15:56,25.3,68.0
2026-07-07 15:16:26,25.3,68.0
2026-07-07 15:16:56,25.3,68.0
2026-07-07 15:17:26,25.3,68.0
2026-07-07 15:17:56,25.3,68.0
2026-07-07 15:18:26,25.3,68.0
2026-07-07 15:18:56,25.3,68.0
2026-07-07 15:19:26,25.3,68.0
2026-07-07 15:19:56,25.3,68.0
2026-07-07 15:20:26,25.3,68.0
2026-07-07 15:20:56,25.3,68.0
2026-07-07 15:21:26,25.3,68.0
2026-07-07 15:21:56,25.3,68.0
2026-07-07 15:22:26,25.3,68.0
2026-07-07 15:22:56,25.3,68.0
2026-07-07 15:23:26,25.3,68.0
2026-07-07 15:23:56,25.3,68.0
2026-07-07 15:24:26,25.3,68.0
2026-07-07 15:24:56,25.3,68.0
2026-07-07 15:25:26,25.3,68.0
2026-07-07 15:25:56,25.3,68.0
2026-07-07 15:26:26,25.3,68.0
2026-07-07 15:26:56,25.3,68.0
2026-07-07 15:27:26,25.3,68.0
2026-07-07 15:27:56,25.3,68.0
2026-07-07 15:28:26,25.3,68.0
2026-07-07 15:28:56,25.3,68.0
2026-07-07 15:29:26,25.3,68.0
2026-07-07 15:29:56,25.3,68.0
2026-07-07 15:30:26,25.3,68.0
2026-07-07 15:30:56,25.3,68.0
2026-07-07 15:31:26,25.3,68.0
2026-07-07 15:31:56,25.3,68.0
2026-07-07 15:32:26,25.3,68.0
2026-07-07 15:32:56,25.3,68.0
2026-07-07 15:33:26,25.3,68.0
2026-07-07 15:33:56,25.3,68.0
2026-07-07 15:34:26,25.3,68.0
2026-07-07 15:34:56,25.3,68.0
2026-07-07 15:35:26,25.3,68.0
2026-07-07 15:35:56,25.3,68.0
2026-07-07 15:36:26,25.3,68.0
2026-07-07 15:36:56,25.3,68.0
2026-07-07 15:37:26,25.3,68.0
2026-07-07 15:37:56,25.3,68.0
2026-07-07 15:38:26,25.3,68.0
2026-07-07 15:38:56,25.3,68.0
2026-07-07 15:39:26,25.3,68.0
2026-07-07 15:39:56,25.3,68.0
2026-07-07 15:40:26,25.3,68.0
2026-07-07 15:40:56,25.3,68.0
2026-07-07 15:41:26,25.3,68.0
2026-07-07 15:41:56,25.3,68.0
2026-07-07 15:42:26,25.3,68.0
2026-07-07 15:42:56,25.3,68.0
2026-07-07 15:43:26,25.3,68.0
2026-07-07 15:43:56,25.3,68.0
2026-07-07 15:44:26,25.3,68.0
2026-07-07 15:44:56,25.3,68.0
2026-07-07 15:45:26,25.3,68.0
2026-07-07 15:45:56,25.3,68.0
2026-07-07 15:46:26,25.3,68.0
2026-07-07 15:46:56,25.3,68.0
2026-07-07 15:47:26,25.3,68.0
2026-07-07 15:47:56,25.3,68.0
2026-07-07 15:48:26,25.3,68.0
2026-07-07 15:48:56,25.3,68.0
2026-07-07 15:49:26,25.3,68.0
2026-07-07 15:49:56,25.3,68.0
2026-07-07 15:50:26,25.3,68.0
2026-07-07 15:50:56,25.3,68.0
2026-07-07 15:51:26,25.3,68.0
2026-07-07 15:51:56,25.3,68.0
2026-07-07 15:52:26,25.3,68.0
2026-07-07 15:52:56,25.3,68.0
2026-07-07 15:53:26,25.3,68.0
2026-07-07 15:53:56,25.3,68.0
2026-07-07 15:54:26,25.3,68.0
2026-07-07 15:54:56,25.3,68.0
2026-07-07 15:55:26,25.3,68.0
2026-07-07 15:55:56,25.3,68.0
2026-07-07 15:56:26,25.3,68.0
2026-07-07 15:56:56,25.3,68.0
2026-07-07 15:57:26,25.3,68.0
2026-07-07 15:57:56,25.3,68.0
2026-07-07 15:58:26,25.3,68.0
2026-07-07 15:58:56,25.3,68.0
2026-07-07 15:59:26,25.3,68.0
2026-07-07 15:59:56,25.3,68.0
2026-07-07 16:00:26,25.3,68.0
2026-07-07 16:00:56,25.3,68.0
2026-07-07 16:01:26,25.3,68.0
2026-07-07 16:01:56,25.3,68.0
2026-07-07 16:02:26,25.3,68.0
2026-07-07 16:02:56,25.3,68.0
2026-07-07 16:03:26,25.3,68.0
2026-07-07 16:03:56,25.3,68.0
2026-07-07 16:04:26,25.3,68.0
2026-07-07 16:04:56,25.3,68.0
2026-07-07 16:05:26,25.3,68.0
2026-07-07 16:05:56,25.3,68.0
2026-07-07 16:06:26,25.3,68.0
2026-07-07 16:06:56,25.3,68.0
2026-07-07 16:07:26,25.3,68.0
2026-07-07 16:07:56,25.3,68.0
2026-07-07 16:08:26,25.3,68.0
2026-07-07 16:08:56,25.3,68.0
2026-07-07 16:09:26,25.3,68.0
2026-07-07 16:09:56,25.3,68.0
2026-07-07 16:10:26,25.3,68.0
2026-07-07 16:10:56,25.3,68.0
2026-07-07 16:11:26,25.3,68.0
2026-07-07 16:11:56,25.3,68.0
2026-07-07 16:12:26,25.3,68.0
2026-07-07 16:12:56,25.3,68.0
2026-07-07 16:13:26,25.3,68.0
2026-07-07 16:13:56,25.3,68.0
2026-07-07 16:14:26,25.3,68.0
2026-07-07 16:14:56,25.3,68.0
2026-07-07 16:15:26,25.3,68.0
2026-07-07 16:15:56,25.3,68.0
2026-07-07 16:16:26,25.3,68.0
2026-07-07 16:16:56,25.3,68.0
2026-07-07 16:17:26,25.3,68.0
2026-07-07 16:17:56,25.3,68.0
2026-07-07 16:18:26,25.3,68.0
2026-07-07 16:18:56,25.3,68.0
2026-07-07 16:19:26,25.3,68.0
2026-07-07 16:19:56,25.3,68.0
2026-07-07 16:20:26,25.3,68.0
2026-07-07 16:20:56,25.3,68.0
2026-07-07 16:21:26,25.3,68.0
2026-07-07 16:21:56,25.3,68.0
2026-07-07 16:22:26,25.3,68.0
2026-07-07 16:22:56,25.3,68.0
2026-07-07 16:23:26,25.3,68.0
2026-07-07 16:23:56,25.3,68.0
2026-07-07 16:24:26,25.3,68.0
2026-07-07 16:24:56,25.3,68.0
2026-07-07 16:25:26,25.3,68.0
2026-07-07 16:25:56,25.3,68.0
2026-07-07 16:26:26,25.3,68.0
2026-07-07 16:26:56,25.3,68.0
2026-07-07 16:27:26,25.3,68.0
2026-07-07 16:27:56,25.3,68.0
2026-07-07 16:28:26,25.3,68.0
2026-07-07 16:28:56,25.3,68.0
2026-07-07 16:29:26,25.3,68.0
2026-07-07 16:29:56,25.3,68.0
2026-07-07 16:30:26,25.3,68.0
2026-07-07 16:30:56,25.3,68.0
2026-07-07 16:31:26,25.3,68.0
2026-07-07 16:31:56,25.3,68.0
2026-07-07 16:32:26,25.3,68.0
2026-07-07 16:32:56,25.3,68.0
2026-07-07 16:33:26,25.3,68.0
2026-07-07 16:33:56,25.3,68.0
2026-07-07 16:34:26,25.3,68.0
2026-07-07 16:34:56,25.3,68.0
2026-07-07 16:35:26,25.3,68.0
2026-07-07 16:35:56,25.3,68.0
2026-07-07 16:36:26,25.3,68.0
2026-07-07 16:36:56,25.3,68.0
2026-07-07 16:37:26,25.3,68.0
2026-07-07 16:37:56,25.3,68.0
2026-07-07 16:38:26,25.3,68.0
2026-07-07 16:38:56,25.3,68.0
2026-07-07 16:39:26,25.3,68.0
2026-07-07 16:39:56,25.3,68.0
2026-07-07 16:40:26,25.3,68.0
2026-07-07 16:40:56,25.3,68.0
2026-07-07 16:41:26,25.3,68.0
2026-07-07 16:41:56,25.3,68.0
2026-07-07 16:42:26,25.3,68.0
2026-07-07 16:42:56,25.3,68.0
2026-07-07 16:43:26,25.3,68.0
2026-07-07 16:43:56,25.3,68.0
2026-07-07 16:44:26,25.3,68.0
2026-07-07 16:44:56,25.3,68.0
2026-07-07 16:45:26,25.3,68.0
2026-07-07 16:45:56,25.3,68.0
2026-07-07 16:46:26,25.3,68.0
2026-07-07 16:46:56,25.3,68.0
2026-07-07 16:47:26,25.3,68.0
2026-07-07 16:47:56,25.3,68.0
2026-07-07 16:48:26,25.3,68.0
2026-07-07 16:48:56,25.3,68.0
2026-07-07 16:49:26,25.3,68.0
2026-07-07 16:49:56,25.3,68.0
2026-07-07 16:50:26,25.3,68.0
2026-07-07 16:50:56,25.3,68.0
2026-07-07 16:51:26,25.3,68.0
2026-07-07 16:51:56,25.3,68.0
2026-07-07 16:52:26,25.3,68.0
2026-07-07 16:52:56,25.3,68.0
2026-07-07 16:53:26,25.3,68.0
2026-07-07 16:53:56,25.3,68.0
2026-07-07 16:54:26,25.3,68.0
2026-07-07 16:54:56,25.3,68.0
2026-07-07 16:55:26,25.3,68.0
2026-07-07 16:55:56,25.3,68.0
2026-07-07 16:56:26,25.3,68.0
2026-07-07 16:56:56,25.3,68.0
2026-07-07 16:57:26,25.3,68.0
2026-07-07 16:57:56,25.3,68.0
2026-07-07 16:58:26,25.3,68.0
2026-07-07 16:58:56,25.3,68.0
2026-07-07 16:59:26,25.3,68.0
2026-07-07 16:59:56,25.3,68.0
2026-07-07 17:00:26,25.3,68.0
2026-07-07 17:00:56,25.3,68.0
2026-07-07 17:01:26,25.3,68.0
2026-07-07 17:01:56,25.3,68.0
2026-07-07 17:02:26,25.3,68.0
2026-07-07 17:02:56,25.3,68.0
2026-07-07 17:03:26,25.3,68.0
2026-07-07 17:03:56,25.3,68.0
2026-07-07 17:04:26,25.3,68.0
2026-07-07 17:04:56,25.3,68.0
2026-07-07 17:05:26,25.3,68.0
2026-07-07 17:05:56,25.3,68.0
2026-07-07 17:06:26,25.3,68.0
2026-07-07 17:06:56,25.3,68.0
2026-07-07 17:07:26,25.3,68.0
2026-07-07 17:07:56,25.3,68.0
2026-07-07 17:08:26,25.3,68.0
2026-07-07 17:08:56,25.3,68.0
2026-07-07 17:09:26,25.3,68.0
2026-07-07 17:09:56,25.3,68.0
2026-07-07 17:10:26,25.3,68.0
2026-07-07 17:10:56,25.3,68.0
2026-07-07 17:11:26,25.3,68.0
2026-07-07 17:11:56,25.3,68.0
2026-07-07 17:12:26,25.3,68.0
2026-07-07 17:12:56,25.3,68.0
2026-07-07 17:13:26,25.3,68.0
2026-07-07 17:13:56,25.3,68.0
2026-07-07 17:14:26,25.3,68.0
2026-07-07 17:14:56,25.3,68.0
2026-07-07 17:15:26,25.3,68.0
2026-07-07 17:15:56,25.3,68.0
2026-07-07 17:16:26,25.3,68.0
2026-07-07 17:16:56,25.3,68.0
2026-07-07 17:17:26,25.3,68.0
2026-07-07 17:17:56,25.3,68.0
2026-07-07 17:18:26,25.3,68.0
2026-07-07 17:18:56,25.3,68.0
2026-07-07 17:19:26,25.3,68.0
2026-07-07 17:19:56,25.3,68.0
2026-07-07 17:20:26,25.3,68.0
2026-07-07 17:20:56,25.3,68.0
2026-07-07 17:21:26,25.3,68.0
2026-07-07 17:21:56,25.3,68.0
2026-07-07 17:22:26,25.3,68.0
2026-07-07 17:22:56,25.3,68.0
2026-07-07 17:23:26,25.3,68.0
2026-07-07 17:23:56,25.3,68.0
2026-07-07 17:24:26,25.3,68.0
2026-07-07 17:24:56,25.3,68.0
2026-07-07 17:25:26,25.3,68.0
2026-07-07 17:25:56,25.3,68.0
2026-07-07 17:26:26,25.3,68.0
2026-07-07 17:26:56,25.3,68.0
2026-07-07 17:27:26,25.3,68.0
2026-07-07 17:27:56,25.3,68.0
2026-07-07 17:28:26,25.3,68.0
2026-07-07 17:28:56,25.3,68.0
2026-07-07 17:29:26,25.3,68.0
2026-07-07 17:29:56,25.3,68.0
2026-07-07 17:30:26,25.3,68.0
2026-07-07 17:30:56,25.3,68.0
2026-07-07 17:31:26,25.3,68.0
2026-07-07 17:31:56,25.3,68.0
2026-07-07 17:32:26,25.3,68.0
2026-07-07 17:32:56,25.3,68.0
2026-07-07 17:33:26,25.3,68.0
2026-07-07 17:33:56,25.3,68.0
2026-07-07 17:34:26,25.3,68.0
2026-07-07 17:34:56,25.3,68.0
2026-07-07 17:35:26,25.3,68.0
2026-07-07 17:35:56,25.3,68.0
2026-07-07 17:36:26,25.3,68.0
2026-07-07 17:36:56,25.3,68.0
2026-07-07 17:37:26,25.3,68.0
2026-07-07 17:37:56,25.3,68.0
2026-07-07 17:38:26,25.3,68.0
2026-07-07 17:38:56,25.3,68.0
2026-07-07 17:39:26,25.3,68.0
2026-07-07 17:39:56,25.3,68.0
2026-07-07 17:40:26,25.3,68.0
2026-07-07 17:40:56,25.3,68.0
2026-07-07 17:41:26,25.3,68.0
2026-07-07 17:41:56,25.3,68.0
2026-07-07 17:42:26,25.3,68.0
2026-07-07 17:42:56,25.3,68.0
2026-07-07 17:43:26,25.3,68.0
2026-07-07 17:43:56,25.3,68.0
2026-07-07 17:44:26,25.3,68.0
2026-07-07 17:44:56,25.3,68.0
2026-07-07 17:45:26,25.3,68.0
2026-07-07 17:45:56,25.3,68.0
2026-07-07 17:46:26,25.3,68.0
2026-07-07 17:46:56,25.3,68.0
2026-07-07 17:47:26,25.3,68.0
2026-07-07 17:47:56,25.3,68.0
2026-07-07 17:48:26,25.3,68.0
2026-07-07 17:48:56,25.3,68.0
2026-07-07 17:49:26,25.3,68.0
2026-07-07 17:49:56,25.3,68.0
2026-07-07 17:50:26,25.3,68.0
2026-07-07 17:50:56,25.3,68.0
2026-07-07 17:51:26,25.3,68.0
2026-07-07 17:51:56,25.3,68.0
2026-07-07 17:52:26,25.3,68.0
2026-07-07 17:52:56,25.3,68.0
2026-07-07 17:53:26,25.3,68.0
2026-07-07 17:53:56,25.3,68.0
2026-07-07 17:54:26,25.3,68.0
2026-07-07 17:54:56,25.3,68.0
2026-07-07 17:55:26,25.3,68.0
2026-07-07 17:55:56,25.3,68.0
2026-07-07 17:56:26,25.3,68.0
2026-07-07 17:56:56,25.3,68.0
2026-07-07 17:57:26,25.3,68.0
2026-07-07 17:57:56,25.3,68.0
2026-07-07 17:58:26,25.3,68.0
2026-07-07 17:58:56,25.3,68.0
2026-07-07 17:59:26,25.3,68.0
2026-07-07 17:59:56,25.3,68.0
2026-07-07 18:00:26,25.3,68.0
2026-07-07 18:00:56,25.3,68.0
2026-07-07 18:01:26,25.3,68.0
2026-07-07 18:01:56,25.3,68.0
2026-07-07 18:02:26,25.3,68.0
2026-07-07 18:02:56,25.3,68.0
2026-07-07 18:03:26,25.3,68.0
2026-07-07 18:03:56,25.3,68.0
2026-07-07 18:04:26,25.3,68.0
2026-07-07 18:04:56,25.3,68.0
2026-07-07 18:05:26,25.3,68.0
2026-07-07 18:05:56,25.3,68.0
2026-07-07 18:06:26,25.3,68.0
2026-07-07 18:06:56,25.3,68.0
2026-07-07 18:07:26,25.3,68.0
2026-07-07 18:07:56,25.3,68.0
2026-07-07 18:08:26,25.3,68.0
2026-07-07 18:08:56,25.3,68.0
2026-07-07 18:09:26,25.3,68.0
2026-07-07 18:09:56,25.3,68.0
2026-07-07 18:10:26,25.3,68.0
2026-07-07 18:10:56,25.3,68.0
2026-07-07 18:11:26,25.3,68.0
2026-07-07 18:11:56,25.3,68.0
2026-07-07 18:12:26,25.3,68.0
2026-07-07 18:12:56,25.3,68.0
2026-07-07 18:13:26,25.3,68.0
2026-07-07 18:13:56,25.3,68.0
2026-07-07 18:14:26,25.3,68.0
2026-07-07 18:14:56,25.3,68.0
2026-07-07 18:15:26,25.3,68.0
2026-07-07 18:15:56,25.3,68.0
2026-07-07 18:16:26,25.3,68.0
2026-07-07 18:16:56,25.3,68.0
2026-07-07 18:17:26,25.3,68.0
2026-07-07 18:17:56,25.3,68.0
2026-07-07 18:18:26,25.3,68.0
2026-07-07 18:18:56,25.3,68.0
2026-07-07 18:19:26,25.3,68.0
2026-07-07 18:19:56,25.3,68.0
2026-07-07 18:20:26,25.3,68.0
2026-07-07 18:20:56,25.3,68.0
2026-07-07 18:21:26,25.3,68.0
2026-07-07 18:21:56,25.3,68.0
2026-07-07 18:22:26,25.3,68.0
2026-07-07 18:22:56,25.3,68.0
2026-07-07 18:23:26,25.3,68.0
2026-07-07 18:23:56,25.3,68.0
2026-07-07 18:24:26,25.3,68.0
2026-07-07 18:24:56,25.3,68.0
2026-07-07 18:25:26,25.3,68.0
2026-07-07 18:25:56,25.3,68.0
2026-07-07 18:26:26,25.3,68.0
2026-07-07 18:26:56,25.3,68.0
2026-07-07 18:27:26,25.3,68.0
2026-07-07 18:27:56,25.3,68.0
2026-07-07 18:28:26,25.3,68.0
2026-07-07 18:28:56,25.3,68.0
2026-07-07 18:29:26,25.3,68.0
2026-07-07 18:29:56,25.3,68.0
2026-07-07 18:30:26,25.3,68.0
2026-07-07 18:30:56,25.3,68.0
2026-07-07 18:31:26,25.3,68.0
2026-07-07 18:31:56,25.3,68.0
2026-07-07 18:32:26,25.3,68.0
2026-07-07 18:32:56,25.3,68.0
2026-07-07 18:33:26,25.3,68.0
2026-07-07 18:33:56,25.3,68.0
2026-07-07 18:34:26,25.3,68.0
2026-07-07 18:34:56,25.3,68.0
2026-07-07 18:35:26,25.3,68.0
2026-07-07 18:35:56,25.3,68.0
2026-07-07 18:36:26,25.3,68.0
2026-07-07 18:36:56,25.3,68.0
2026-07-07 18:37:26,25.3,68.0
2026-07-07 18:37:56,25.3,68.0
2026-07-07 18:38:26,25.3,68.0
2026-07-07 18:38:56,25.3,68.0
2026-07-07 18:39:26,25.3,68.0
2026-07-07 18:39:56,25.3,68.0
2026-07-07 18:40:26,25.3,68.0
2026-07-07 18:40:56,25.3,68.0
2026-07-07 18:41:26,25.3,68.0
2026-07-07 18:41:56,25.3,68.0
2026-07-07 18:42:26,25.3,68.0
2026-07-07 18:42:56,25.3,68.0
2026-07-07 18:43:26,25.3,68.0
2026-07-07 18:43:56,25.3,68.0
2026-07-07 18:44:26,25.3,68.0
2026-07-07 18:44:56,25.3,68.0
2026-07-07 18:45:26,25.3,68.0
2026-07-07 18:45:56,25.3,68.0
2026-07-07 18:46:26,25.3,68.0
2026-07-07 18:46:56,25.3,68.0
2026-07-07 18:47:26,25.3,68.0
2026-07-07 18:47:56,25.3,68.0
2026-07-07 18:48:26,25.3,68.0
2026-07-07 18:48:56,25.3,68.0
2026-07-07 18:49:26,25.3,68.0
2026-07-07 18:49:56,25.3,68.0
2026-07-07 18:50:26,25.3,68.0
2026-07-07 18:50:56,25.3,68.0
2026-07-07 18:51:26,25.3,68.0
2026-07-07 18:51:56,25.3,68.0
2026-07-07 18:52:26,25.3,68.0
2026-07-07 18:52:56,25.3,68.0
2026-07-07 18:53:26,25.3,68.0
2026-07-07 18:53:56,25.3,68.0
2026-07-07 18:54:26,25.3,68.0
2026-07-07 18:54:56,25.3,68.0
2026-07-07 18:55:26,25.3,68.0
2026-07-07 18:55:56,25.3,68.0
2026-07-07 18:56:26,25.3,68.0
2026-07-07 18:56:56,25.3,68.0
2026-07-07 18:57:26,25.3,68.0
2026-07-07 18:57:56,25.3,68.0
2026-07-07 18:58:26,25.3,68.0
2026-07-07 18:58:56,25.3,68.0
2026-07-07 18:59:26,25.3,68.0
2026-07-07 18:59:56,25.3,68.0
2026-07-07 19:00:26,25.3,68.0
2026-07-07 19:00:56,25.3,68.0
2026-07-07 19:01:26,25.3,68.0
2026-07-07 19:01:56,25.3,68.0
2026-07-07 19:02:26,25.3,68.0
2026-07-07 19:02:56,25.3,68.0
2026-07-07 19:03:26,25.3,68.0
2026-07-07 19:03:56,25.3,68.0
2026-07-07 19:04:26,25.3,68.0
2026-07-07 19:04:56,25.3,68.0
2026-07-07 19:05:26,25.3,68.0
2026-07-07 19:05:56,25.3,68.0
2026-07-07 19:06:26,25.3,68.0
2026-07-07 19:06:56,25.3,68.0
2026-07-07 19:07:26,25.3,68.0
2026-07-07 19:07:56,25.3,68.0
2026-07-07 19:08:26,25.3,68.0
2026-07-07 19:08:56,25.3,68.0
2026-07-07 19:09:26,25.3,68.0
2026-07-07 19:09:56,25.3,68.0
2026-07-07 19:10:26,25.3,68.0
2026-07-07 19:10:56,25.3,68.0
2026-07-07 19:11:26,25.3,68.0
2026-07-07 19:11:56,25.3,68.0
2026-07-07 19:12:26,25.3,68.0
2026-07-07 19:12:56,25.3,68.0
2026-07-07 19:13:26,25.3,68.0
2026-07-07 19:13:56,25.3,68.0
2026-07-07 19:14:26,25.3,68.0
2026-07-07 19:14:56,25.3,68.0
2026-07-07 19:15:26,25.3,68.0
2026-07-07 19:15:56,25.3,68.0
2026-07-07 19:16:26,25.3,68.0
2026-07-07 19:16:56,25.3,68.0
2026-07-07 19:17:26,25.3,68.0
2026-07-07 19:17:56,25.3,68.0
2026-07-07 19:18:26,25.3,68.0
2026-07-07 19:18:56,25.3,68.0
2026-07-07 19:19:26,25.3,68.0
2026-07-07 19:19:56,25.3,68.0
2026-07-07 19:20:26,25.3,68.0
2026-07-07 19:20:56,25.3,68.0
2026-07-07 19:21:26,25.3,68.0
2026-07-07 19:21:56,25.3,68.0
2026-07-07 19:22:26,25.3,68.0
2026-07-07 19:22:56,25.3,68.0
2026-07-07 19:23:26,25.3,68.0
2026-07-07 19:23:56,25.3,68.0
2026-07-07 19:24:26,25.3,68.0
2026-07-07 19:24:56,25.3,68.0
2026-07-07 19:25:26,25.3,68.0
2026-07-07 19:25:56,25.3,68.0
2026-07-07 19:26:26,25.3,68.0
2026-07-07 19:26:56,25.3,68.0
2026-07-07 19:27:26,25.3,68.0
2026-07-07 19:27:56,25.3,68.0
2026-07-07 19:28:26,25.3,68.0
2026-07-07 19:28:56,25.3,68.0
2026-07-07 19:29:26,25.3,68.0
2026-07-07 19:29:56,25.3,68.0
2026-07-07 19:30:26,25.3,68.0
2026-07-07 19:30:56,25.3,68.0
2026-07-07 19:31:26,25.3,68.0
2026-07-07 19:31:56,25.3,68.0
2026-07-07 19:32:26,25.3,68.0
2026-07-07 19:32:56,25.3,68.0
2026-07-07 19:33:26,25.3,68.0
2026-07-07 19:33:56,25.3,68.0
2026-07-07 19:34:26,25.3,68.0
2026-07-07 19:34:56,25.3,68.0
2026-07-07 19:35:26,25.3,68.0
2026-07-07 19:35:56,25.3,68.0
2026-07-07 19:36:26,25.3,68.0
2026-07-07 19:36:56,25.3,68.0
2026-07-07 19:37:26,25.3,68.0
2026-07-07 19:37:56,25.3,68.0
2026-07-07 19:38:26,25.3,68.0
2026-07-07 19:38:56,25.3,68.0
2026-07-07 19:39:26,25.3,68.0
2026-07-07 19:39:56,25.3,68.0
2026-07-07 19:40:26,25.3,68.0
2026-07-07 19:40:56,25.3,68.0
2026-07-07 19:41:26,25.3,68.0
2026-07-07 19:41:56,25.3,68.0
2026-07-07 19:42:26,25.3,68.0
2026-07-07 19:42:56,25.3,68.0
2026-07-07 19:43:26,25.3,68.0
2026-07-07 19:43:56,25.3,68.0
2026-07-07 19:44:26,25.3,68.0
2026-07-07 19:44:56,25.3,68.0
2026-07-07 19:45:26,25.3,68.0
2026-07-07 19:45:56,25.3,68.0
2026-07-07 19:46:26,25.3,68.0
2026-07-07 19:46:56,25.3,68.0
2026-07-07 19:47:26,25.3,68.0
2026-07-07 19:47:56,25.3,68.0
2026-07-07 19:48:26,25.3,68.0
2026-07-07 19:48:56,25.3,68.0
2026-07-07 19:49:26,25.3,68.0
2026-07-07 19:49:56,25.3,68.0
2026-07-07 19:50:26,25.3,68.0
2026-07-07 19:50:56,25.3,68.0
2026-07-07 19:51:26,25.3,68.0
2026-07-07 19:51:56,25.3,68.0
2026-07-07 19:52:26,25.3,68.0
2026-07-07 19:52:56,25.3,68.0
2026-07-07 19:53:26,25.3,68.0
2026-07-07 19:53:56,25.3,68.0
2026-07-07 19:54:26,25.3,68.0
2026-07-07 19:54:56,25.3,68.0
2026-07-07 19:55:26,25.3,68.0
2026-07-07 19:55:56,25.3,68.0
2026-07-07 19:56:26,25.3,68.0
2026-07-07 19:56:56,25.3,68.0
2026-07-07 19:57:26,25.3,68.0
2026-07-07 19:57:56,25.3,68.0
2026-07-07 19:58:26,25.3,68.0
2026-07-07 19:58:56,25.3,68.0
2026-07-07 19:59:26,25.3,68.0
2026-07-07 19:59:56,25.3,68.0
2026-07-07 20:00:26,25.3,68.0
2026-07-07 20:00:56,25.3,68.0
2026-07-07 20:01:26,25.3,68.0
2026-07-07 20:01:56,25.3,68.0
2026-07-07 20:02:26,25.3,68.0
2026-07-07 20:02:56,25.3,68.0
2026-07-07 20:03:26,25.3,68.0
2026-07-07 20:03:56,25.3,68.0
2026-07-07 20:04:26,25.3,68.0
2026-07-07 20:04:56,25.3,68.0
2026-07-07 20:05:26,25.3,68.0
2026-07-07 20:05:56,25.3,68.0
2026-07-07 20:06:26,25.3,68.0
2026-07-07 20:06:56,25.3,68.0
2026-07-07 20:07:26,25.3,68.0
2026-07-07 20:07:56,25.3,68.0
2026-07-07 20:08:26,25.3,68.0
2026-07-07 20:08:56,25.3,68.0
2026-07-07 20:09:26,25.3,68.0
2026-07-07 20:09:56,25.3,68.0
2026-07-07 20:10:26,25.3,68.0
2026-07-07 20:10:56,25.3,68.0
2026-07-07 20:11:26,25.3,68.0
2026-07-07 20:11:56,25.3,68.0
2026-07-07 20:12:26,25.3,68.0
2026-07-07 20:12:56,25.3,68.0
2026-07-07 20:13:26,25.3,68.0
2026-07-07 20:13:56,25.3,68.0
2026-07-07 20:14:26,25.3,68.0
2026-07-07 20:14:56,25.3,68.0
2026-07-07 20:15:26,25.3,68.0
2026-07-07 20:15:56,25.3,68.0
2026-07-07 20:16:26,25.3,68.0
2026-07-07 20:16:56,25.3,68.0
2026-07-07 20:17:26,25.3,68.0
2026-07-07 20:17:56,25.3,68.0
2026-07-07 20:18:26,25.3,68.0
2026-07-07 20:18:56,25.3,68.0
2026-07-07 20:19:26,25.3,68.0
2026-07-07 20:19:56,25.3,68.0
2026-07-07 20:20:26,25.3,68.0
2026-07-07 20:20:56,25.3,68.0
2026-07-07 20:21:26,25.3,68.0
2026-07-07 20:21:56,25.3,68.0
2026-07-07 20:22:26,25.3,68.0
2026-07-07 20:22:56,25.3,68.0
2026-07-07 20:23:26,25.3,68.0
2026-07-07 20:23:56,25.3,68.0
2026-07-07 20:24:26,25.3,68.0
2026-07-07 20:24:56,25.3,68.0
2026-07-07 20:25:26,25.3,68.0
2026-07-07 20:25:56,25.3,68.0
2026-07-07 20:26:26,25.3,68.0
2026-07-07 20:26:56,25.3,68.0
2026-07-07 20:27:26,25.3,68.0
2026-07-07 20:27:56,25.3,68.0
2026-07-07 20:28:26,25.3,68.0
2026-07-07 20:28:56,25.3,68.0
2026-07-07 20:29:26,25.3,68.0
2026-07-07 20:29:56,25.3,68.0
2026-07-07 20:30:26,25.3,68.0
2026-07-07 20:30:56,25.3,68.0
2026-07-07 20:31:26,25.3,68.0
2026-07-07 20:31:56,25.3,68.0
2026-07-07 20:32:26,25.3,68.0
2026-07-07 20:32:56,25.3,68.0
2026-07-07 20:33:26,25.3,68.0
2026-07-07 20:33:56,25.3,68.0
2026-07-07 20:34:26,25.3,68.0
2026-07-07 20:34:56,25.3,68.0
2026-07-07 20:35:26,25.3,68.0
2026-07-07 20:35:56,25.3,68.0
2026-07-07 20:36:26,25.3,68.0
2026-07-07 20:36:56,25.3,68.0
2026-07-07 20:37:26,25.3,68.0
2026-07-07 20:37:56,25.3,68.0
2026-07-07 20:38:26,25.3,68.0
2026-07-07 20:38:56,25.3,68.0
2026-07-07 20:39:26,25.3,68.0
2026-07-07 20:39:56,25.3,68.0
2026-07-07 20:40:26,25.3,68.0
2026-07-07 20:40:56,25.3,68.0
2026-07-07 20:41:26,25.3,68.0
2026-07-07 20:41:56,25.3,68.0
2026-07-07 20:42:26,25.3,68.0
2026-07-07 20:42:56,25.3,68.0
2026-07-07 20:43:26,25.3,68.0
2026-07-07 20:43:56,25.3,68.0
2026-07-07 20:44:26,25.3,68.0
2026-07-07 20:44:56,25.3,68.0
2026-07-07 20:45:26,25.3,68.0
2026-07-07 20:45:56,25.3,68.0
2026-07-07 20:46:26,25.3,68.0
2026-07-07 20:46:56,25.3,68.0
2026-07-07 20:47:26,25.3,68.0
2026-07-07 20:47:56,25.3,68.0
2026-07-07 20:48:26,25.3,68.0
2026-07-07 20:48:56,25.3,68.0
2026-07-07 20:49:26,25.3,68.0
2026-07-07 20:49:56,25.3,68.0
2026-07-07 20:50:26,25.3,68.0
2026-07-07 20:50:56,25.3,68.0
2026-07-07 20:51:26,25.3,68.0
2026-07-07 20:51:56,25.3,68.0
2026-07-07 20:52:26,25.3,68.0
2026-07-07 20:52:56,25.3,68.0
2026-07-07 20:53:26,25.3,68.0
2026-07-07 20:53:56,25.3,68.0
2026-07-07 20:54:26,25.3,68.0
2026-07-07 20:54:56,25.3,68.0
2026-07-07 20:55:26,25.3,68.0
2026-07-07 20:55:56,25.3,68.0
2026-07-07 20:56:26,25.3,68.0
2026-07-07 20:56:56,25.3,68.0
2026-07-07 20:57:26,25.3,68.0
2026-07-07 20:57:56,25.3,68.0
2026-07-07 20:58:26,25.3,68.0
2026-07-07 20:58:56,25.3,68.0
2026-07-07 20:59:26,25.3,68.0
2026-07-07 20:59:56,25.3,68.0
2026-07-07 21:00:26,25.3,68.0
2026-07-07 21:00:56,25.3,68.0
2026-07-07 21:01:26,25.3,68.0
2026-07-07 21:01:56,25.3,68.0
2026-07-07 21:02:26,25.3,68.0
2026-07-07 21:02:56,25.3,68.0
2026-07-07 21:03:26,25.3,68.0
2026-07-07 21:03:56,25.3,68.0
2026-07-07 21:04:26,25.3,68.0
2026-07-07 21:04:56,25.3,68.0
2026-07-07 21:05:26,25.3,68.0
2026-07-07 21:05:56,25.3,68.0
2026-07-07 21:06:26,25.3,68.0
2026-07-07 21:06:56,25.3,68.0
2026-07-07 21:07:26,25.3,68.0
2026-07-07 21:07:56,25.3,68.0
2026-07-07 21:08:26,25.3,68.0
2026-07-07 21:08:56,25.3,68.0
2026-07-07 21:09:26,25.3,68.0
2026-07-07 21:09:56,25.3,68.0
2026-07-07 21:10:26,25.3,68.0
2026-07-07 21:10:56,25.3,68.0
2026-07-07 21:11:26,25.3,68.0
2026-07-07 21:11:56,25.3,68.0
2026-07-07 21:12:26,25.3,68.0
2026-07-07 21:12:56,25.3,68.0
2026-07-07 21:13:26,25.3,68.0
2026-07-07 21:13:56,25.3,68.0
2026-07-07 21:14:26,25.3,68.0
2026-07-07 21:14:56,25.3,68.0
2026-07-07 21:15:26,25.3,68.0
2026-07-07 21:15:56,25.3,68.0
2026-07-07 21:16:26,25.3,68.0
2026-07-07 21:16:56,25.3,68.0
2026-07-07 21:17:26,25.3,68.0
2026-07-07 21:17:56,25.3,68.0
2026-07-07 21:18:26,25.3,68.0
2026-07-07 21:18:56,25.3,68.0
2026-07-07 21:19:26,25.3,68.0
2026-07-07 21:19:56,25.3,68.0
2026-07-07 21:20:26,25.3,68.0
2026-07-07 21:20:56,25.3,68.0
2026-07-07 21:21:26,25.3,68.0
2026-07-07 21:21:56,25.3,68.0
2026-07-07 21:22:26,25.3,68.0
2026-07-07 21:22:56,25.3,68.0
2026-07-07 21:23:26,25.3,68.0
2026-07-07 21:23:56,25.3,68.0
2026-07-07 21:24:26,25.3,68.0
2026-07-07 21:24:56,25.3,68.0
2026-07-07 21:25:26,25.3,68.0
2026-07-07 21:25:56,25.3,68.0
2026-07-07 21:26:26,25.3,68.0
2026-07-07 21:26:56,25.3,68.0
2026-07-07 21:27:26,25.3,68.0
2026-07-07 21:27:56,25.3,68.0
2026-07-07 21:28:26,25.3,68.0
2026-07-07 21:28:56,25.3,68.0
2026-07-07 21:29:26,25.3,68.0
2026-07-07 21:29:56,25.3,68.0
2026-07-07 21:30:26,25.3,68.0
2026-07-07 21:30:56,25.3,68.0
2026-07-07 21:31:26,25.3,68.0
2026-07-07 21:31:56,25.3,68.0
2026-07-07 21:32:26,25.3,68.0
2026-07-07 21:32:56,25.3,68.0
2026-07-07 21:33:26,25.3,68.0
2026-07-07 21:33:56,25.3,68.0
2026-07-07 21:34:26,25.3,68.0
2026-07-07 21:34:56,25.3,68.0
2026-07-07 21:35:26,25.3,68.0
2026-07-07 21:35:56,25.3,68.0
2026-07-07 21:36:26,25.3,68.0
2026-07-07 21:36:56,25.3,68.0
2026-07-07 21:37:26,25.3,68.0
2026-07-07 21:37:56,25.3,68.0
2026-07-07 21:38:26,25.3,68.0
2026-07-07 21:38:56,25.3,68.0
2026-07-07 21:39:26,25.3,68.0
2026-07-07 21:39:56,25.3,68.0
2026-07-07 21:40:26,25.3,68.0
2026-07-07 21:40:56,25.3,68.0
2026-07-07 21:41:26,25.3,68.0
2026-07-07 21:41:56,25.3,68.0
2026-07-07 21:42:26,25.3,68.0
2026-07-07 21:42:56,25.3,68.0
2026-07-07 21:43:26,25.3,68.0
2026-07-07 21:43:56,25.3,68.0
2026-07-07 21:44:26,25.3,68.0
2026-07-07 21:44:56,25.3,68.0
2026-07-07 21:45:26,25.3,68.0
2026-07-07 21:45:56,25.3,68.0
2026-07-07 21:46:26,25.3,68.0
2026-07-07 21:46:56,25.3,68.0
2026-07-07 21:47:26,25.3,68.0
2026-07-07 21:47:56,25.3,68.0
2026-07-07 21:48:26,25.3,68.0
2026-07-07 21:48:56,25.3,68.0
2026-07-07 21:49:26,25.3,68.0
2026-07-07 21:49:56,25.3,68.0
2026-07-07 21:50:26,25.3,68.0
2026-07-07 21:50:56,25.3,68.0
2026-07-07 21:51:26,25.3,68.0
2026-07-07 21:51:56,25.3,68.0
2026-07-07 21:52:26,25.3,68.0
2026-07-07 21:52:56,25.3,68.0
2026-07-07 21:53:26,25.3,68.0
2026-07-07 21:53:56,25.3,68.0
2026-07-07 21:54:26,25.3,68.0
2026-07-07 21:54:56,25.3,68.0
2026-07-07 21:55:26,25.3,68.0
2026-07-07 21:55:56,25.3,68.0
2026-07-07 21:56:26,25.3,68.0
2026-07-07 21:56:56,25.3,68.0
2026-07-07 21:57:26,25.3,68.0
2026-07-07 21:57:56,25.3,68.0
2026-07-07 21:58:26,25.3,68.0
2026-07-07 21:58:56,25.3,68.0
2026-07-07 21:59:26,25.3,68.0
2026-07-07 21:59:56,25.3,68.0
2026-07-07 22:00:26,25.3,68.0
2026-07-07 22:00:56,25.3,68.0
2026-07-07 22:01:26,25.3,68.0
2026-07-07 22:01:56,25.3,68.0
2026-07-07 22:02:26,25.3,68.0
2026-07-07 22:02:56,25.3,68.0
2026-07-07 22:03:26,25.3,68.0
2026-07-07 22:03:56,25.3,68.0
2026-07-07 22:04:26,25.3,68.0
2026-07-07 22:04:56,25.3,68.0
2026-07-07 22:05:26,25.3,68.0
2026-07-07 22:05:56,25.3,68.0
2026-07-07 22:06:26,25.3,68.0
2026-07-07 22:06:56,25.3,68.0
2026-07-07 22:07:26,25.3,68.0
2026-07-07 22:07:56,25.3,68.0
2026-07-07 22:08:26,25.3,68.0
2026-07-07 22:08:56,25.3,68.0
2026-07-07 22:09:26,25.3,68.0
2026-07-07 22:09:56,25.3,68.0
2026-07-07 22:10:26,25.3,68.0
2026-07-07 22:10:56,25.3,68.0
2026-07-07 22:11:26,25.3,68.0
2026-07-07 22:11:56,25.3,68.0
2026-07-07 22:12:26,25.3,68.0
2026-07-07 22:12:56,25.3,68.0
2026-07-07 22:13:26,25.3,68.0
2026-07-07 22:13:56,25.3,68.0
2026-07-07 22:14:26,25.3,68.0
2026-07-07 22:14:56,25.3,68.0
2026-07-07 22:15:26,25.3,68.0
2026-07-07 22:15:56,25.3,68.0
2026-07-07 22:16:26,25.3,68.0
2026-07-07 22:16:56,25.3,68.0
2026-07-07 22:17:26,25.3,68.0
2026-07-07 22:17:56,25.3,68.0
2026-07-07 22:18:26,25.3,68.0
2026-07-07 22:18:56,25.3,68.0
2026-07-07 22:19:26,25.3,68.0
2026-07-07 22:19:56,25.3,68.0
2026-07-07 22:20:26,25.3,68.0
2026-07-07 22:20:56,25.3,68.0
2026-07-07 22:21:26,25.3,68.0
2026-07-07 22:21:56,25.3,68.0
2026-07-07 22:22:26,25.3,68.0
2026-07-07 22:22:56,25.3,68.0
2026-07-07 22:23:26,25.3,68.0
2026-07-07 22:23:56,25.3,68.0
2026-07-07 22:24:26,25.3,68.0
2026-07-07 22:24:56,25.3,68.0
2026-07-07 22:25:26,25.3,68.0
2026-07-07 22:25:56,25.3,68.0
2026-07-07 22:26:26,25.3,68.0
2026-07-07 22:26:56,25.3,68.0
2026-07-07 22:27:26,25.3,68.0
2026-07-07 22:27:56,25.3,68.0
2026-07-07 22:28:26,25.3,68.0
2026-07-07 22:28:56,25.3,68.0
2026-07-07 22:29:26,25.3,68.0
2026-07-07 22:29:56,25.3,68.0
2026-07-07 22:30:26,25.3,68.0
2026-07-07 22:30:56,25.3,68.0
2026-07-07 22:31:26,25.3,68.0
2026-07-07 22:31:56,25.3,68.0
2026-07-07 22:32:26,25.3,68.0
2026-07-07 22:32:56,25.3,68.0
2026-07-07 22:33:26,25.3,68.0
2026-07-07 22:33:56,25.3,68.0
2026-07-07 22:34:26,25.3,68.0
2026-07-07 22:34:56,25.3,68.0
2026-07-07 22:35:26,25.3,68.0
2026-07-07 22:35:56,25.3,68.0
2026-07-07 22:36:26,25.3,68.0
2026-07-07 22:36:56,25.3,68.0
2026-07-07 22:37:26,25.3,68.0
2026-07-07 22:37:56,25.3,68.0
2026-07-07 22:38:26,25.3,68.0
2026-07-07 22:38:56,25.3,68.0
2026-07-07 22:39:26,25.3,68.0
2026-07-07 22:39:56,25.3,68.0
2026-07-07 22:40:26,25.3,68.0
2026-07-07 22:40:56,25.3,68.0
2026-07-07 22:41:26,25.3,68.0
2026-07-07 22:41:56,25.3,68.0
2026-07-07 22:42:26,25.3,68.0
2026-07-07 22:42:56,25.3,68.0
2026-07-07 22:43:26,25.3,68.0
2026-07-07 22:43:56,25.3,68.0
2026-07-07 22:44:26,25.3,68.0
2026-07-07 22:44:56,25.3,68.0
2026-07-07 22:45:26,25.3,68.0
2026-07-07 22:45:56,25.3,68.0
2026-07-07 22:46:26,25.3,68.0
2026-07-07 22:46:56,25.3,68.0
2026-07-07 22:47:26,25.3,68.0
2026-07-07 22:47:56,25.3,68.0
2026-07-07 22:48:26,25.3,68.0
2026-07-07 22:48:56,25.3,68.0
2026-07-07 22:49:26,25.3,68.0
2026-07-07 22:49:56,25.3,68.0
2026-07-07 22:50:26,25.3,68.0
2026-07-07 22:50:56,25.3,68.0
2026-07-07 22:51:26,25.3,68.0
2026-07-07 22:51:56,25.3,68.0
2026-07-07 22:52:26,25.3,68.0
2026-07-07 22:52:56,25.3,68.0
2026-07-07 22:53:26,25.3,68.0
2026-07-07 22:53:56,25.3,68.0
2026-07-07 22:54:26,25.3,68.0
2026-07-07 22:54:56,25.3,68.0
2026-07-07 22:55:26,25.3,68.0
2026-07-07 22:55:56,25.3,68.0
2026-07-07 22:56:26,25.3,68.0
2026-07-07 22:56:56,25.3,68.0
2026-07-07 22:57:26,25.3,68.0
2026-07-07 22:57:56,25.3,68.0
2026-07-07 22:58:26,25.3,68.0
2026-07-07 22:58:56,25.3,68.0
2026-07-07 22:59:26,25.3,68.0
2026-07-07 22:59:56,25.3,68.0
2026-07-07 23:00:26,25.3,68.0
2026-07-07 23:00:56,25.3,68.0
2026-07-07 23:01:26,25.3,68.0
2026-07-07 23:01:56,25.3,68.0
2026-07-07 23:02:26,25.3,68.0
2026-07-07 23:02:56,25.3,68.0
2026-07-07 23:03:26,25.3,68.0
2026-07-07 23:03:56,25.3,68.0
2026-07-07 23:04:26,25.3,68.0
2026-07-07 23:04:56,25.3,68.0
2026-07-07 23:05:26,25.3,68.0
2026-07-07 23:05:56,25.3,68.0
2026-07-07 23:06:26,25.3,68.0
2026-07-07 23:06:56,25.3,68.0
2026-07-07 23:07:26,25.3,68.0
2026-07-07 23:07:56,25.3,68.0
2026-07-07 23:08:26,25.3,68.0
2026-07-07 23:08:56,25.3,68.0
2026-07-07 23:09:26,25.3,68.0
2026-07-07 23:09:56,25.3,68.0
2026-07-07 23:10:26,25.3,68.0
2026-07-07 23:10:56,25.3,68.0
2026-07-07 23:11:26,25.3,68.0
2026-07-07 23:11:56,25.3,68.0
2026-07-07 23:12:26,25.3,68.0
2026-07-07 23:12:56,25.3,68.0
2026-07-07 23:13:26,25.3,68.0
2026-07-07 23:13:56,25.3,68.0
2026-07-07 23:14:26,25.3,68.0
2026-07-07 23:14:56,25.3,68.0
2026-07-07 23:15:26,25.3,68.0
2026-07-07 23:15:56,25.3,68.0
2026-07-07 23:16:26,25.3,68.0
2026-07-07 23:16:56,25.3,68.0
2026-07-07 23:17:26,25.3,68.0
2026-07-07 23:17:56,25.3,68.0
2026-07-07 23:18:26,25.3,68.0
2026-07-07 23:18:56,25.3,68.0
2026-07-07 23:19:26,25.3,68.0
2026-07-07 23:19:56,25.3,68.0
2026-07-07 23:20:26,25.3,68.0
2026-07-07 23:20:56,25.3,68.0
2026-07-07 23:21:26,25.3,68.0
2026-07-07 23:21:56,25.3,68.0
2026-07-07 23:22:26,25.3,68.0
2026-07-07 23:22:56,25.3,68.0
2026-07-07 23:23:26,25.3,68.0
2026-07-07 23:23:56,25.3,68.0
2026-07-07 23:24:26,25.3,68.0
2026-07-07 23:24:56,25.3,68.0
2026-07-07 23:25:26,25.3,68.0
2026-07-07 23:25:56,25.3,68.0
2026-07-07 23:26:26,25.3,68.0
2026-07-07 23:26:56,25.3,68.0
2026-07-07 23:27:26,25.3,68.0
2026-07-07 23:27:56,25.3,68.0
2026-07-07 23:28:26,25.3,68.0
2026-07-07 23:28:56,25.3,68.0
2026-07-07 23:29:26,25.3,68.0
2026-07-07 23:29:56,25.3,68.0
2026-07-07 23:30:26,25.3,68.0
2026-07-07 23:30:56,25.3,68.0
2026-07-07 23:31:26,25.3,68.0
2026-07-07 23:31:56,25.3,68.0
2026-07-07 23:32:26,25.3,68.0
2026-07-07 23:32:56,25.3,68.0
2026-07-07 23:33:26,25.3,68.0
2026-07-07 23:33:56,25.3,68.0
2026-07-07 23:34:26,25.3,68.0
2026-07-07 23:34:56,25.3,68.0
2026-07-07 23:35:26,25.3,68.0
2026-07-07 23:35:56,25.3,68.0
2026-07-07 23:36:26,25.3,68.0
2026-07-07 23:36:56,25.3,68.0
2026-07-07 23:37:26,25.3,68.0
2026-07-07 23:37:56,25.3,68.0
2026-07-07 23:38:26,25.3,68.0
2026-07-07 23:38:56,25.3,68.0
2026-07-07 23:39:26,25.3,68.0
2026-07-07 23:39:56,25.3,68.0
2026-07-07 23:40:26,25.3,68.0
2026-07-07 23:40:56,25.3,68.0
2026-07-07 23:41:26,25.3,68.0
2026-07-07 23:41:56,25.3,68.0
2026-07-07 23:42:26,25.3,68.0
2026-07-07 23:42:56,25.3,68.0
2026-07-07 23:43:26,25.3,68.0
2026-07-07 23:43:56,25.3,68.0
2026-07-07 23:44:26,25.3,68.0
2026-07-07 23:44:56,25.3,68.0
2026-07-07 23:45:26,25.3,68.0
2026-07-07 23:45:56,25.3,68.0
2026-07-07 23:46:26,25.3,68.0
2026-07-07 23:46:56,25.3,68.0
2026-07-07 23:47:26,25.3,68.0
2026-07-07 23:47:56,25.3,68.0
2026-07-07 23:48:26,25.3,68.0
2026-07-07 23:48:56,25.3,68.0
2026-07-07 23:49:26,25.3,68.0
2026-07-07 23:49:56,25.3,68.0
2026-07-07 23:50:26,25.3,68.0
2026-07-07 23:50:56,25.3,68.0
2026-07-07 23:51:26,25.3,68.0
2026-07-07 23:51:56,25.3,68.0
2026-07-07 23:52:26,25.3,68.0
2026-07-07 23:52:56,25.3,68.0
2026-07-07 23:53:26,25.3,68.0
2026-07-07 23:53:56,25.3,68.0
2026-07-07 23:54:26,25.3,68.0
2026-07-07 23:54:56,25.3,68.0
2026-07-07 23:55:26,25.3,68.0
2026-07-07 23:55:56,25.3,68.0
2026-07-07 23:56:26,25.3,68.0
2026-07-07 23:56:56,25.3,68.0
2026-07-07 23:57:26,25.3,68.0
2026-07-07 23:57:56,25.3,68.0
2026-07-07 23:58:26,25.3,68.0
2026-07-07 23:58:56,25.3,68.0
2026-07-07 23:59:26,25.3,68.0
2026-07-07 23:59:56,25.3,68.0
